Entity,Code,Year,Reported number of people requiring interventions against NTDs
Afghanistan,AFG,2010,12246738
Afghanistan,AFG,2011,12600642
Afghanistan,AFG,2012,14045789
Afghanistan,AFG,2013,13291651
Afghanistan,AFG,2014,13384908
Afghanistan,AFG,2015,13765392
Afghanistan,AFG,2016,13275429
Afghanistan,AFG,2017,14786722
Afghanistan,AFG,2018,14834701
Afghanistan,AFG,2019,16222053
Afghanistan,AFG,2020,14367281
Afghanistan,AFG,2021,14367281
Afghanistan,AFG,2022,14367281
Afghanistan,AFG,2023,16959219
Africa (WHO),,2016,593280222
Africa (WHO),,2017,592840075
Africa (WHO),,2018,591747982
Africa (WHO),,2019,589673553
Africa (WHO),,2020,578499689
Africa (WHO),,2021,584077383
Africa (WHO),,2022,576364589
Africa (WHO),,2023,518582990
Albania,ALB,2010,61
Albania,ALB,2011,53
Albania,ALB,2012,53
Albania,ALB,2013,55
Albania,ALB,2014,33
Albania,ALB,2015,16
Albania,ALB,2016,21
Albania,ALB,2017,22
Albania,ALB,2018,47
Albania,ALB,2019,9
Albania,ALB,2020,6
Albania,ALB,2021,21
Albania,ALB,2022,0
Albania,ALB,2023,3
Algeria,DZA,2010,10260
Algeria,DZA,2011,11831
Algeria,DZA,2012,7471
Algeria,DZA,2013,22713
Algeria,DZA,2014,5460
Algeria,DZA,2015,7561
Algeria,DZA,2016,10752
Algeria,DZA,2017,13158
Algeria,DZA,2018,10950
Algeria,DZA,2019,10339
Algeria,DZA,2020,11599
Algeria,DZA,2021,7083
Algeria,DZA,2022,5780
Algeria,DZA,2023,7656
Americas (WHO),,2016,49501463
Americas (WHO),,2017,75504638
Americas (WHO),,2018,62904907
Americas (WHO),,2019,63053841
Americas (WHO),,2020,61746122
Americas (WHO),,2021,61658153
Americas (WHO),,2022,51670376
Americas (WHO),,2023,30727196
Andorra,AND,2010,0
Andorra,AND,2011,0
Andorra,AND,2012,0
Andorra,AND,2013,0
Andorra,AND,2014,0
Andorra,AND,2015,0
Andorra,AND,2016,0
Andorra,AND,2017,0
Andorra,AND,2018,0
Andorra,AND,2019,0
Andorra,AND,2020,0
Andorra,AND,2021,0
Andorra,AND,2022,1
Andorra,AND,2023,0
Angola,AGO,2010,15879207
Angola,AGO,2011,16066272
Angola,AGO,2012,16421331
Angola,AGO,2013,17149903
Angola,AGO,2014,17666908
Angola,AGO,2015,18534219
Angola,AGO,2016,14419092
Angola,AGO,2017,14739913
Angola,AGO,2018,15220708
Angola,AGO,2019,15362008
Angola,AGO,2020,7698802
Angola,AGO,2021,8558522
Angola,AGO,2022,8672543
Angola,AGO,2023,8789216
Antigua and Barbuda,ATG,2010,134
Antigua and Barbuda,ATG,2011,133
Antigua and Barbuda,ATG,2012,117
Antigua and Barbuda,ATG,2013,1360
Antigua and Barbuda,ATG,2014,1358
Antigua and Barbuda,ATG,2015,158
Antigua and Barbuda,ATG,2016,176
Antigua and Barbuda,ATG,2017,161
Antigua and Barbuda,ATG,2018,1201
Antigua and Barbuda,ATG,2019,1223
Antigua and Barbuda,ATG,2020,1207
Antigua and Barbuda,ATG,2021,1000
Antigua and Barbuda,ATG,2022,48
Antigua and Barbuda,ATG,2023,254
Argentina,ARG,2010,953102
Argentina,ARG,2011,952894
Argentina,ARG,2012,938732
Argentina,ARG,2013,9699
Argentina,ARG,2014,3733
Argentina,ARG,2015,5411
Argentina,ARG,2016,80002
Argentina,ARG,2017,1592
Argentina,ARG,2018,162233
Argentina,ARG,2019,160777
Argentina,ARG,2020,161306
Argentina,ARG,2021,151847
Argentina,ARG,2022,1020
Argentina,ARG,2023,147183
Armenia,ARM,2010,41986
Armenia,ARM,2011,42243
Armenia,ARM,2012,42437
Armenia,ARM,2013,38697
Armenia,ARM,2014,38894
Armenia,ARM,2015,39044
Armenia,ARM,2016,39149
Armenia,ARM,2017,39149
Armenia,ARM,2018,39149
Armenia,ARM,2019,18
Armenia,ARM,2020,70
Armenia,ARM,2021,11
Armenia,ARM,2022,14
Armenia,ARM,2023,30
Australia,AUS,2010,89732
Australia,AUS,2011,72560
Australia,AUS,2012,60279
Australia,AUS,2013,144692
Australia,AUS,2014,54311
Australia,AUS,2015,17476
Australia,AUS,2016,20994
Australia,AUS,2017,20123
Australia,AUS,2018,20123
Australia,AUS,2019,13700
Australia,AUS,2020,20401
Australia,AUS,2021,18286
Australia,AUS,2022,3477
Australia,AUS,2023,10441
Australia and New Zealand (UN),,2010,89786
Australia and New Zealand (UN),,2011,72603
Australia and New Zealand (UN),,2012,60280
Australia and New Zealand (UN),,2013,145958
Australia and New Zealand (UN),,2014,57073
Australia and New Zealand (UN),,2015,20769
Australia and New Zealand (UN),,2016,24156
Australia and New Zealand (UN),,2017,23255
Australia and New Zealand (UN),,2018,20126
Australia and New Zealand (UN),,2019,13706
Australia and New Zealand (UN),,2020,20404
Australia and New Zealand (UN),,2021,18291
Australia and New Zealand (UN),,2022,3481
Austria,AUT,2010,31
Austria,AUT,2011,7
Austria,AUT,2012,5
Austria,AUT,2013,74
Austria,AUT,2014,94
Austria,AUT,2015,65
Austria,AUT,2016,118
Austria,AUT,2017,130
Austria,AUT,2018,46
Austria,AUT,2019,36
Austria,AUT,2020,34
Austria,AUT,2021,42
Austria,AUT,2022,54
Austria,AUT,2023,54
Azerbaijan,AZE,2010,1080371
Azerbaijan,AZE,2011,1087125
Azerbaijan,AZE,2012,1010915
Azerbaijan,AZE,2013,345496
Azerbaijan,AZE,2014,1678318
Azerbaijan,AZE,2015,1699962
Azerbaijan,AZE,2016,1719031
Azerbaijan,AZE,2017,1655112
Azerbaijan,AZE,2018,1655112
Azerbaijan,AZE,2019,686000
Azerbaijan,AZE,2020,686000
Azerbaijan,AZE,2021,0
Azerbaijan,AZE,2022,0
Azerbaijan,AZE,2023,0
Bahamas,BHS,2010,10
Bahamas,BHS,2011,7000
Bahamas,BHS,2012,5
Bahamas,BHS,2013,3
Bahamas,BHS,2014,146
Bahamas,BHS,2015,4127
Bahamas,BHS,2016,4077
Bahamas,BHS,2017,3940
Bahamas,BHS,2018,10
Bahamas,BHS,2019,27
Bahamas,BHS,2020,3
Bahamas,BHS,2021,0
Bahamas,BHS,2022,1
Bahamas,BHS,2023,243
Bahrain,BHR,2010,3
Bahrain,BHR,2011,4
Bahrain,BHR,2012,0
Bahrain,BHR,2013,0
Bahrain,BHR,2014,0
Bahrain,BHR,2015,6
Bahrain,BHR,2016,3
Bahrain,BHR,2017,2
Bahrain,BHR,2018,1
Bahrain,BHR,2019,5
Bahrain,BHR,2020,2
Bahrain,BHR,2021,3
Bahrain,BHR,2022,1
Bahrain,BHR,2023,0
Bangladesh,BGD,2010,102279713
Bangladesh,BGD,2011,103328969
Bangladesh,BGD,2012,99041038
Bangladesh,BGD,2013,80102840
Bangladesh,BGD,2014,49867142
Bangladesh,BGD,2015,49839493
Bangladesh,BGD,2016,47484224
Bangladesh,BGD,2017,56339394
Bangladesh,BGD,2018,56339394
Bangladesh,BGD,2019,56339394
Bangladesh,BGD,2020,56339394
Bangladesh,BGD,2021,56381566
Bangladesh,BGD,2022,53874746
Bangladesh,BGD,2023,57177911
Barbados,BRB,2010,2917
Barbados,BRB,2011,746
Barbados,BRB,2012,1445
Barbados,BRB,2013,2848
Barbados,BRB,2014,2689
Barbados,BRB,2015,390
Barbados,BRB,2016,1433
Barbados,BRB,2017,398
Barbados,BRB,2018,67
Barbados,BRB,2019,117
Barbados,BRB,2020,1352
Barbados,BRB,2021,448
Barbados,BRB,2022,340
Barbados,BRB,2023,771
Belarus,BLR,2010,0
Belarus,BLR,2011,2
Belarus,BLR,2012,1
Belarus,BLR,2013,0
Belarus,BLR,2014,0
Belarus,BLR,2015,2
Belarus,BLR,2016,0
Belarus,BLR,2017,0
Belarus,BLR,2018,0
Belarus,BLR,2019,1
Belarus,BLR,2020,8
Belarus,BLR,2021,0
Belarus,BLR,2022,0
Belarus,BLR,2023,0
Belgium,BEL,2010,1
Belgium,BEL,2011,1
Belgium,BEL,2012,6
Belgium,BEL,2013,167
Belgium,BEL,2014,109
Belgium,BEL,2015,9
Belgium,BEL,2016,20
Belgium,BEL,2017,51
Belgium,BEL,2018,42
Belgium,BEL,2019,50
Belgium,BEL,2020,54
Belgium,BEL,2021,34
Belgium,BEL,2022,55
Belgium,BEL,2023,61
Belize,BLZ,2010,10456
Belize,BLZ,2011,10471
Belize,BLZ,2012,10514
Belize,BLZ,2013,7565
Belize,BLZ,2014,7062
Belize,BLZ,2015,7300
Belize,BLZ,2016,7312
Belize,BLZ,2017,6903
Belize,BLZ,2018,1322
Belize,BLZ,2019,3637
Belize,BLZ,2020,1069
Belize,BLZ,2021,3104
Belize,BLZ,2022,5080
Belize,BLZ,2023,1689
Benin,BEN,2010,7239210
Benin,BEN,2011,7706956
Benin,BEN,2012,6277773
Benin,BEN,2013,6618720
Benin,BEN,2014,4358046
Benin,BEN,2015,7029345
Benin,BEN,2016,6938376
Benin,BEN,2017,5909521
Benin,BEN,2018,5685180
Benin,BEN,2019,6070676
Benin,BEN,2020,5599018
Benin,BEN,2021,6005261
Benin,BEN,2022,6215444
Benin,BEN,2023,6385123
Bhutan,BTN,2010,69529
Bhutan,BTN,2011,69283
Bhutan,BTN,2012,69535
Bhutan,BTN,2013,108115
Bhutan,BTN,2014,107846
Bhutan,BTN,2015,227111
Bhutan,BTN,2016,241761
Bhutan,BTN,2017,234506
Bhutan,BTN,2018,222639
Bhutan,BTN,2019,229846
Bhutan,BTN,2020,229837
Bhutan,BTN,2021,181040
Bhutan,BTN,2022,173578
Bhutan,BTN,2023,173578
Bolivia,BOL,2010,3340916
Bolivia,BOL,2011,3354782
Bolivia,BOL,2012,3361575
Bolivia,BOL,2013,2124918
Bolivia,BOL,2014,2126893
Bolivia,BOL,2015,1883582
Bolivia,BOL,2016,1879813
Bolivia,BOL,2017,1773280
Bolivia,BOL,2018,194759
Bolivia,BOL,2019,190910
Bolivia,BOL,2020,189597
Bolivia,BOL,2021,194638
Bolivia,BOL,2022,197835
Bolivia,BOL,2023,189894
Bosnia and Herzegovina,BIH,2010,1
Bosnia and Herzegovina,BIH,2011,0
Bosnia and Herzegovina,BIH,2012,0
Bosnia and Herzegovina,BIH,2013,1
Bosnia and Herzegovina,BIH,2014,2
Bosnia and Herzegovina,BIH,2015,0
Bosnia and Herzegovina,BIH,2016,0
Bosnia and Herzegovina,BIH,2017,0
Bosnia and Herzegovina,BIH,2018,0
Bosnia and Herzegovina,BIH,2019,0
Bosnia and Herzegovina,BIH,2020,0
Bosnia and Herzegovina,BIH,2021,0
Bosnia and Herzegovina,BIH,2022,0
Bosnia and Herzegovina,BIH,2023,0
Botswana,BWA,2010,264669
Botswana,BWA,2011,266032
Botswana,BWA,2012,268521
Botswana,BWA,2013,251555
Botswana,BWA,2014,252333
Botswana,BWA,2015,257169
Botswana,BWA,2016,261950
Botswana,BWA,2017,241157
Botswana,BWA,2018,238203
Botswana,BWA,2019,238203
Botswana,BWA,2020,1461240
Botswana,BWA,2021,1430711
Botswana,BWA,2022,1464410
Botswana,BWA,2023,685567
Brazil,BRA,2010,27000000
Brazil,BRA,2011,13137591
Brazil,BRA,2012,13260415
Brazil,BRA,2013,12001914
Brazil,BRA,2014,11528143
Brazil,BRA,2015,11067291
Brazil,BRA,2016,10461013
Brazil,BRA,2017,9411158
Brazil,BRA,2018,9489512
Brazil,BRA,2019,9560959
Brazil,BRA,2020,9629923
Brazil,BRA,2021,9710068
Brazil,BRA,2022,5245909
Brazil,BRA,2023,3102066
Brunei,BRN,2010,15000
Brunei,BRN,2011,15000
Brunei,BRN,2012,15000
Brunei,BRN,2013,15000
Brunei,BRN,2014,9239
Brunei,BRN,2015,9239
Brunei,BRN,2016,9240
Brunei,BRN,2017,2
Brunei,BRN,2018,1
Brunei,BRN,2019,0
Brunei,BRN,2020,1
Brunei,BRN,2021,2
Brunei,BRN,2022,0
Brunei,BRN,2023,1
Bulgaria,BGR,2010,295
Bulgaria,BGR,2011,310
Bulgaria,BGR,2012,322
Bulgaria,BGR,2013,294
Bulgaria,BGR,2014,316
Bulgaria,BGR,2015,320
Bulgaria,BGR,2016,275
Bulgaria,BGR,2017,217
Bulgaria,BGR,2018,210
Bulgaria,BGR,2019,197
Bulgaria,BGR,2020,96
Bulgaria,BGR,2021,90
Bulgaria,BGR,2022,89
Bulgaria,BGR,2023,119
Burkina Faso,BFA,2010,17860380
Burkina Faso,BFA,2011,19099726
Burkina Faso,BFA,2012,19229686
Burkina Faso,BFA,2013,15740567
Burkina Faso,BFA,2014,14959678
Burkina Faso,BFA,2015,11658638
Burkina Faso,BFA,2016,12492287
Burkina Faso,BFA,2017,6531262
Burkina Faso,BFA,2018,10152760
Burkina Faso,BFA,2019,3652080
Burkina Faso,BFA,2020,5815599
Burkina Faso,BFA,2021,3708202
Burkina Faso,BFA,2022,3709196
Burkina Faso,BFA,2023,3644443
Burundi,BDI,2010,4018578
Burundi,BDI,2011,4076023
Burundi,BDI,2012,4101923
Burundi,BDI,2013,5142500
Burundi,BDI,2014,5332369
Burundi,BDI,2015,5601304
Burundi,BDI,2016,5898120
Burundi,BDI,2017,5340398
Burundi,BDI,2018,5484235
Burundi,BDI,2019,3418124
Burundi,BDI,2020,3575616
Burundi,BDI,2021,3187928
Burundi,BDI,2022,2281106
Burundi,BDI,2023,3205933
Cambodia,KHM,2010,4533102
Cambodia,KHM,2011,4517044
Cambodia,KHM,2012,4134227
Cambodia,KHM,2013,4347927
Cambodia,KHM,2014,5550420
Cambodia,KHM,2015,5610240
Cambodia,KHM,2016,4771389
Cambodia,KHM,2017,5298995
Cambodia,KHM,2018,4182394
Cambodia,KHM,2019,5068956
Cambodia,KHM,2020,5194507
Cambodia,KHM,2021,4500729
Cambodia,KHM,2022,4830549
Cambodia,KHM,2023,4716388
Cameroon,CMR,2010,19286214
Cameroon,CMR,2011,19339400
Cameroon,CMR,2012,19647096
Cameroon,CMR,2013,20442764
Cameroon,CMR,2014,19433385
Cameroon,CMR,2015,20630132
Cameroon,CMR,2016,19389766
Cameroon,CMR,2017,16222133
Cameroon,CMR,2018,16537416
Cameroon,CMR,2019,16891418
Cameroon,CMR,2020,11348320
Cameroon,CMR,2021,11465695
Cameroon,CMR,2022,11290383
Cameroon,CMR,2023,11963613
Canada,CAN,2010,0
Canada,CAN,2011,0
Canada,CAN,2012,0
Canada,CAN,2013,0
Canada,CAN,2014,0
Canada,CAN,2015,0
Canada,CAN,2016,0
Canada,CAN,2017,5
Canada,CAN,2018,10
Canada,CAN,2019,3
Canada,CAN,2020,1
Canada,CAN,2021,6
Canada,CAN,2022,3
Canada,CAN,2023,3
Cape Verde,CPV,2010,170442
Cape Verde,CPV,2011,169326
Cape Verde,CPV,2012,142687
Cape Verde,CPV,2013,136960
Cape Verde,CPV,2014,135058
Cape Verde,CPV,2015,136792
Cape Verde,CPV,2016,145562
Cape Verde,CPV,2017,123664
Cape Verde,CPV,2018,125137
Cape Verde,CPV,2019,137073
Cape Verde,CPV,2020,150015
Cape Verde,CPV,2021,150015
Cape Verde,CPV,2022,143054
Cape Verde,CPV,2023,143054
Central African Republic,CAF,2010,3987855
Central African Republic,CAF,2011,4013319
Central African Republic,CAF,2012,4005821
Central African Republic,CAF,2013,4019436
Central African Republic,CAF,2014,4048943
Central African Republic,CAF,2015,4096089
Central African Republic,CAF,2016,3756993
Central African Republic,CAF,2017,3765243
Central African Republic,CAF,2018,3300000
Central African Republic,CAF,2019,4442825
Central African Republic,CAF,2020,4442825
Central African Republic,CAF,2021,6389657
Central African Republic,CAF,2022,6389657
Central African Republic,CAF,2023,6999367
Central and Southern Asia (UN),,2010,1049222256
Central and Southern Asia (UN),,2011,1059355434
Central and Southern Asia (UN),,2012,1006694799
Central and Southern Asia (UN),,2013,896643065
Central and Southern Asia (UN),,2014,866091111
Central and Southern Asia (UN),,2015,794690474
Central and Southern Asia (UN),,2016,801565691
Central and Southern Asia (UN),,2017,812432753
Central and Southern Asia (UN),,2018,818362350
Central and Southern Asia (UN),,2019,851666212
Central and Southern Asia (UN),,2020,867446203
Central and Southern Asia (UN),,2021,792572810
Central and Southern Asia (UN),,2022,773527359
Chad,TCD,2010,9620369
Chad,TCD,2011,9741519
Chad,TCD,2012,9738244
Chad,TCD,2013,10313316
Chad,TCD,2014,10471524
Chad,TCD,2015,6328205
Chad,TCD,2016,6138675
Chad,TCD,2017,6222557
Chad,TCD,2018,6233571
Chad,TCD,2019,6270047
Chad,TCD,2020,6562501
Chad,TCD,2021,6592702
Chad,TCD,2022,6806996
Chad,TCD,2023,8461599
Chile,CHL,2010,132541
Chile,CHL,2011,131544
Chile,CHL,2012,125478
Chile,CHL,2013,45
Chile,CHL,2014,30
Chile,CHL,2015,40
Chile,CHL,2016,44
Chile,CHL,2017,444
Chile,CHL,2018,361
Chile,CHL,2019,437
Chile,CHL,2020,228
Chile,CHL,2021,208
Chile,CHL,2022,2
Chile,CHL,2023,7
China,CHN,2010,52000000
China,CHN,2011,25548140
China,CHN,2012,25663107
China,CHN,2013,25822219
China,CHN,2014,25974569
China,CHN,2015,26100630
China,CHN,2016,26375574
China,CHN,2017,26376326
China,CHN,2018,26378300
China,CHN,2019,22844
China,CHN,2020,825
China,CHN,2021,816
China,CHN,2022,1216
China,CHN,2023,18225
Colombia,COL,2010,4921126
Colombia,COL,2011,4924261
Colombia,COL,2012,4722872
Colombia,COL,2013,4722564
Colombia,COL,2014,4410048
Colombia,COL,2015,3846506
Colombia,COL,2016,3761361
Colombia,COL,2017,3391009
Colombia,COL,2018,3350646
Colombia,COL,2019,3186736
Colombia,COL,2020,3237824
Colombia,COL,2021,3272079
Colombia,COL,2022,3294657
Colombia,COL,2023,3307872
Comoros,COM,2010,517852
Comoros,COM,2011,518985
Comoros,COM,2012,524706
Comoros,COM,2013,521439
Comoros,COM,2014,522782
Comoros,COM,2015,525978
Comoros,COM,2016,527919
Comoros,COM,2017,828148
Comoros,COM,2018,828148
Comoros,COM,2019,788813
Comoros,COM,2020,503090
Comoros,COM,2021,524334
Comoros,COM,2022,524334
Comoros,COM,2023,277694
Congo,COG,2010,3223012
Congo,COG,2011,3249179
Congo,COG,2012,3404680
Congo,COG,2013,3523377
Congo,COG,2014,3567584
Congo,COG,2015,1346327
Congo,COG,2016,2278289
Congo,COG,2017,1285748
Congo,COG,2018,1323442
Congo,COG,2019,1407153
Congo,COG,2020,1438750
Congo,COG,2021,1486475
Congo,COG,2022,1508487
Congo,COG,2023,1543031
Cook Islands,COK,2010,0
Cook Islands,COK,2011,0
Cook Islands,COK,2012,0
Cook Islands,COK,2013,0
Cook Islands,COK,2014,946
Cook Islands,COK,2015,765
Cook Islands,COK,2016,0
Cook Islands,COK,2017,0
Cook Islands,COK,2018,0
Cook Islands,COK,2019,0
Cook Islands,COK,2020,0
Cook Islands,COK,2021,317
Cook Islands,COK,2022,3
Cook Islands,COK,2023,0
Costa Rica,CRI,2010,51178
Costa Rica,CRI,2011,50827
Costa Rica,CRI,2012,49995
Costa Rica,CRI,2013,51844
Costa Rica,CRI,2014,28942
Costa Rica,CRI,2015,18569
Costa Rica,CRI,2016,24462
Costa Rica,CRI,2017,7794
Costa Rica,CRI,2018,4017
Costa Rica,CRI,2019,10011
Costa Rica,CRI,2020,10590
Costa Rica,CRI,2021,5746
Costa Rica,CRI,2022,7987
Costa Rica,CRI,2023,31336
Cote d'Ivoire,CIV,2010,17858797
Cote d'Ivoire,CIV,2011,18024926
Cote d'Ivoire,CIV,2012,17470746
Cote d'Ivoire,CIV,2013,19946532
Cote d'Ivoire,CIV,2014,18127710
Cote d'Ivoire,CIV,2015,18738388
Cote d'Ivoire,CIV,2016,16756532
Cote d'Ivoire,CIV,2017,20479536
Cote d'Ivoire,CIV,2018,21002613
Cote d'Ivoire,CIV,2019,21713670
Cote d'Ivoire,CIV,2020,21966154
Cote d'Ivoire,CIV,2021,19558880
Cote d'Ivoire,CIV,2022,20057637
Cote d'Ivoire,CIV,2023,20569107
Croatia,HRV,2010,0
Croatia,HRV,2011,1
Croatia,HRV,2012,2
Croatia,HRV,2013,7
Croatia,HRV,2014,20
Croatia,HRV,2015,11
Croatia,HRV,2016,11
Croatia,HRV,2017,15
Croatia,HRV,2018,5
Croatia,HRV,2019,4
Croatia,HRV,2020,3
Croatia,HRV,2021,3
Croatia,HRV,2022,5
Croatia,HRV,2023,8
Cuba,CUB,2010,167722
Cuba,CUB,2011,164093
Cuba,CUB,2012,162007
Cuba,CUB,2013,55804
Cuba,CUB,2014,50265
Cuba,CUB,2015,43862
Cuba,CUB,2016,43687
Cuba,CUB,2017,40866
Cuba,CUB,2018,2349
Cuba,CUB,2019,3445
Cuba,CUB,2020,48144
Cuba,CUB,2021,46982
Cuba,CUB,2022,3176
Cuba,CUB,2023,124
Cyprus,CYP,2010,1
Cyprus,CYP,2011,3
Cyprus,CYP,2012,5
Cyprus,CYP,2013,0
Cyprus,CYP,2014,0
Cyprus,CYP,2015,3
Cyprus,CYP,2016,1
Cyprus,CYP,2017,4
Cyprus,CYP,2018,2
Cyprus,CYP,2019,0
Cyprus,CYP,2020,2
Cyprus,CYP,2021,0
Cyprus,CYP,2022,0
Cyprus,CYP,2023,2
Czechia,CZE,2010,5
Czechia,CZE,2011,0
Czechia,CZE,2012,0
Czechia,CZE,2013,2
Czechia,CZE,2014,6
Czechia,CZE,2015,4
Czechia,CZE,2016,4
Czechia,CZE,2017,3
Czechia,CZE,2018,4
Czechia,CZE,2019,1
Czechia,CZE,2020,4
Czechia,CZE,2021,1
Czechia,CZE,2022,10
Czechia,CZE,2023,13
Democratic Republic of Congo,COD,2010,60983338
Democratic Republic of Congo,COD,2011,61690568
Democratic Republic of Congo,COD,2012,61568637
Democratic Republic of Congo,COD,2013,60606457
Democratic Republic of Congo,COD,2014,57543026
Democratic Republic of Congo,COD,2015,52564709
Democratic Republic of Congo,COD,2016,49900757
Democratic Republic of Congo,COD,2017,55563633
Democratic Republic of Congo,COD,2018,52756552
Democratic Republic of Congo,COD,2019,53320501
Democratic Republic of Congo,COD,2020,54963277
Democratic Republic of Congo,COD,2021,52044663
Democratic Republic of Congo,COD,2022,54939343
Democratic Republic of Congo,COD,2023,56981384
Denmark,DNK,2010,0
Denmark,DNK,2011,0
Denmark,DNK,2012,0
Denmark,DNK,2013,0
Denmark,DNK,2014,0
Denmark,DNK,2015,0
Denmark,DNK,2016,0
Denmark,DNK,2017,0
Denmark,DNK,2018,0
Denmark,DNK,2019,0
Denmark,DNK,2020,0
Denmark,DNK,2021,0
Denmark,DNK,2022,0
Denmark,DNK,2023,0
Djibouti,DJI,2010,127766
Djibouti,DJI,2011,128196
Djibouti,DJI,2012,131879
Djibouti,DJI,2013,105768
Djibouti,DJI,2014,107378
Djibouti,DJI,2015,108810
Djibouti,DJI,2016,110561
Djibouti,DJI,2017,110561
Djibouti,DJI,2018,110561
Djibouti,DJI,2019,110561
Djibouti,DJI,2020,110561
Djibouti,DJI,2021,110561
Djibouti,DJI,2022,110561
Djibouti,DJI,2023,110561
Dominica,DMA,2010,3121
Dominica,DMA,2011,3080
Dominica,DMA,2012,2723
Dominica,DMA,2013,7949
Dominica,DMA,2014,7879
Dominica,DMA,2015,7546
Dominica,DMA,2016,7473
Dominica,DMA,2017,6920
Dominica,DMA,2018,562
Dominica,DMA,2019,1066
Dominica,DMA,2020,399
Dominica,DMA,2021,418
Dominica,DMA,2022,413
Dominica,DMA,2023,419
Dominican Republic,DOM,2010,1193533
Dominican Republic,DOM,2011,1365512
Dominican Republic,DOM,2012,1303776
Dominican Republic,DOM,2013,1306123
Dominican Republic,DOM,2014,1183935
Dominican Republic,DOM,2015,989731
Dominican Republic,DOM,2016,970832
Dominican Republic,DOM,2017,2805557
Dominican Republic,DOM,2018,2700201
Dominican Republic,DOM,2019,2749409
Dominican Republic,DOM,2020,2612634
Dominican Republic,DOM,2021,2612634
Dominican Republic,DOM,2022,2698924
Dominican Republic,DOM,2023,2677790
East Timor,TLS,2010,1101449
East Timor,TLS,2011,1128972
East Timor,TLS,2012,1211898
East Timor,TLS,2013,1102227
East Timor,TLS,2014,1108101
East Timor,TLS,2015,1170044
East Timor,TLS,2016,1167125
East Timor,TLS,2017,1279948
East Timor,TLS,2018,1293316
East Timor,TLS,2019,1327038
East Timor,TLS,2020,1361778
East Timor,TLS,2021,464413
East Timor,TLS,2022,438316
East Timor,TLS,2023,438316
Eastern Asia and South-Eastern Asia (UN),,2010,329452489
Eastern Asia and South-Eastern Asia (UN),,2011,291323514
Eastern Asia and South-Eastern Asia (UN),,2012,286905452
Eastern Asia and South-Eastern Asia (UN),,2013,273333665
Eastern Asia and South-Eastern Asia (UN),,2014,262979973
Eastern Asia and South-Eastern Asia (UN),,2015,242190835
Eastern Asia and South-Eastern Asia (UN),,2016,237242654
Eastern Asia and South-Eastern Asia (UN),,2017,233614870
Eastern Asia and South-Eastern Asia (UN),,2018,235334201
Eastern Asia and South-Eastern Asia (UN),,2019,191709035
Eastern Asia and South-Eastern Asia (UN),,2020,180676291
Eastern Asia and South-Eastern Asia (UN),,2021,172811082
Eastern Asia and South-Eastern Asia (UN),,2022,173010466
Eastern Mediterranean (WHO),,2016,85713135
Eastern Mediterranean (WHO),,2017,76632381
Eastern Mediterranean (WHO),,2018,82228550
Eastern Mediterranean (WHO),,2019,77874959
Eastern Mediterranean (WHO),,2020,75381525
Eastern Mediterranean (WHO),,2021,72119773
Eastern Mediterranean (WHO),,2022,74708620
Eastern Mediterranean (WHO),,2023,77975579
Ecuador,ECU,2010,340067
Ecuador,ECU,2011,318717
Ecuador,ECU,2012,321415
Ecuador,ECU,2013,193708
Ecuador,ECU,2014,1789316
Ecuador,ECU,2015,1943932
Ecuador,ECU,2016,1942753
Ecuador,ECU,2017,1848654
Ecuador,ECU,2018,4351
Ecuador,ECU,2019,9608
Ecuador,ECU,2020,21011
Ecuador,ECU,2021,21869
Ecuador,ECU,2022,16933
Ecuador,ECU,2023,28918
Egypt,EGY,2010,24000000
Egypt,EGY,2011,24000000
Egypt,EGY,2012,24000000
Egypt,EGY,2013,32563245
Egypt,EGY,2014,62111
Egypt,EGY,2015,1640557
Egypt,EGY,2016,1673826
Egypt,EGY,2017,5021586
Egypt,EGY,2018,5066393
Egypt,EGY,2019,6894411
Egypt,EGY,2020,2932815
Egypt,EGY,2021,2932815
Egypt,EGY,2022,2932815
Egypt,EGY,2023,2978436
El Salvador,SLV,2010,242858
El Salvador,SLV,2011,238045
El Salvador,SLV,2012,233387
El Salvador,SLV,2013,849969
El Salvador,SLV,2014,821068
El Salvador,SLV,2015,702992
El Salvador,SLV,2016,742568
El Salvador,SLV,2017,1411062
El Salvador,SLV,2018,1443743
El Salvador,SLV,2019,1443743
El Salvador,SLV,2020,1416732
El Salvador,SLV,2021,1483962
El Salvador,SLV,2022,1335218
El Salvador,SLV,2023,1475552
Equatorial Guinea,GNQ,2010,461503
Equatorial Guinea,GNQ,2011,462546
Equatorial Guinea,GNQ,2012,463562
Equatorial Guinea,GNQ,2013,464044
Equatorial Guinea,GNQ,2014,465031
Equatorial Guinea,GNQ,2015,466357
Equatorial Guinea,GNQ,2016,428948
Equatorial Guinea,GNQ,2017,429326
Equatorial Guinea,GNQ,2018,429326
Equatorial Guinea,GNQ,2019,429326
Equatorial Guinea,GNQ,2020,429326
Equatorial Guinea,GNQ,2021,668511
Equatorial Guinea,GNQ,2022,668511
Equatorial Guinea,GNQ,2023,1046007
Eritrea,ERI,2010,3577000
Eritrea,ERI,2011,3577000
Eritrea,ERI,2012,3577000
Eritrea,ERI,2013,3577000
Eritrea,ERI,2014,557635
Eritrea,ERI,2015,1441264
Eritrea,ERI,2016,1497725
Eritrea,ERI,2017,1076700
Eritrea,ERI,2018,956062
Eritrea,ERI,2019,427112
Eritrea,ERI,2020,296052
Eritrea,ERI,2021,462141
Eritrea,ERI,2022,282103
Eritrea,ERI,2023,807518
Estonia,EST,2010,0
Estonia,EST,2011,0
Estonia,EST,2012,3
Estonia,EST,2013,3
Estonia,EST,2014,10
Estonia,EST,2015,12
Estonia,EST,2016,9
Estonia,EST,2017,9
Estonia,EST,2018,0
Estonia,EST,2019,2
Estonia,EST,2020,1
Estonia,EST,2021,4
Estonia,EST,2022,1
Estonia,EST,2023,0
Eswatini,SWZ,2010,580187
Eswatini,SWZ,2011,584020
Eswatini,SWZ,2012,577163
Eswatini,SWZ,2013,591129
Eswatini,SWZ,2014,597165
Eswatini,SWZ,2015,331005
Eswatini,SWZ,2016,198319
Eswatini,SWZ,2017,261261
Eswatini,SWZ,2018,247084
Eswatini,SWZ,2019,406184
Eswatini,SWZ,2020,406184
Eswatini,SWZ,2021,406184
Eswatini,SWZ,2022,247183
Eswatini,SWZ,2023,250978
Ethiopia,ETH,2010,65000000
Ethiopia,ETH,2011,65000000
Ethiopia,ETH,2012,55026689
Ethiopia,ETH,2013,64497779
Ethiopia,ETH,2014,72657474
Ethiopia,ETH,2015,75106161
Ethiopia,ETH,2016,74204513
Ethiopia,ETH,2017,69802693
Ethiopia,ETH,2018,77653029
Ethiopia,ETH,2019,76238251
Ethiopia,ETH,2020,75731040
Ethiopia,ETH,2021,71787220
Ethiopia,ETH,2022,67815004
Ethiopia,ETH,2023,63060994
Europe (WHO),,2016,2823195
Europe (WHO),,2017,5475008
Europe (WHO),,2018,5860663
Europe (WHO),,2019,6425283
Europe (WHO),,2020,6639655
Europe (WHO),,2021,5889861
Europe (WHO),,2022,5889828
Europe (WHO),,2023,5890441
Fiji,FJI,2010,879985
Fiji,FJI,2011,529984
Fiji,FJI,2012,637852
Fiji,FJI,2013,277616
Fiji,FJI,2014,892573
Fiji,FJI,2015,898821
Fiji,FJI,2016,905113
Fiji,FJI,2017,911449
Fiji,FJI,2018,917552
Fiji,FJI,2019,919387
Fiji,FJI,2020,921225
Fiji,FJI,2021,923067
Fiji,FJI,2022,941528
Fiji,FJI,2023,523954
Finland,FIN,2010,1
Finland,FIN,2011,1
Finland,FIN,2012,4
Finland,FIN,2013,7
Finland,FIN,2014,0
Finland,FIN,2015,2
Finland,FIN,2016,4
Finland,FIN,2017,5
Finland,FIN,2018,1
Finland,FIN,2019,8
Finland,FIN,2020,4
Finland,FIN,2021,6
Finland,FIN,2022,2
Finland,FIN,2023,0
France,FRA,2010,640
France,FRA,2011,131
France,FRA,2012,174
France,FRA,2013,414
France,FRA,2014,340
France,FRA,2015,337
France,FRA,2016,436
France,FRA,2017,486
France,FRA,2018,274
France,FRA,2019,284
France,FRA,2020,303
France,FRA,2021,88
France,FRA,2022,97
France,FRA,2023,145
Gabon,GAB,2010,1444093
Gabon,GAB,2011,1451759
Gabon,GAB,2012,1462559
Gabon,GAB,2013,1520924
Gabon,GAB,2014,1534599
Gabon,GAB,2015,1560166
Gabon,GAB,2016,694499
Gabon,GAB,2017,694119
Gabon,GAB,2018,937923
Gabon,GAB,2019,937923
Gabon,GAB,2020,870003
Gabon,GAB,2021,914073
Gabon,GAB,2022,954330
Gabon,GAB,2023,978475
Gambia,GMB,2010,1200000
Gambia,GMB,2011,1200000
Gambia,GMB,2012,1200000
Gambia,GMB,2013,1200000
Gambia,GMB,2014,1200000
Gambia,GMB,2015,171850
Gambia,GMB,2016,177144
Gambia,GMB,2017,160763
Gambia,GMB,2018,171391
Gambia,GMB,2019,168211
Gambia,GMB,2020,168211
Gambia,GMB,2021,478578
Gambia,GMB,2022,478578
Gambia,GMB,2023,490110
Georgia,GEO,2010,147
Georgia,GEO,2011,130
Georgia,GEO,2012,114
Georgia,GEO,2013,129
Georgia,GEO,2014,62
Georgia,GEO,2015,68
Georgia,GEO,2016,412310
Georgia,GEO,2017,412310
Georgia,GEO,2018,412310
Georgia,GEO,2019,48
Georgia,GEO,2020,81
Georgia,GEO,2021,17
Georgia,GEO,2022,1
Georgia,GEO,2023,31
Germany,DEU,2010,712
Germany,DEU,2011,434
Germany,DEU,2012,735
Germany,DEU,2013,1004
Germany,DEU,2014,751
Germany,DEU,2015,867
Germany,DEU,2016,1129
Germany,DEU,2017,760
Germany,DEU,2018,189
Germany,DEU,2019,155
Germany,DEU,2020,178
Germany,DEU,2021,168
Germany,DEU,2022,190
Germany,DEU,2023,199
Ghana,GHA,2010,12030074
Ghana,GHA,2011,12254998
Ghana,GHA,2012,12030074
Ghana,GHA,2013,10626517
Ghana,GHA,2014,18678710
Ghana,GHA,2015,15536903
Ghana,GHA,2016,15536910
Ghana,GHA,2017,16388663
Ghana,GHA,2018,16582444
Ghana,GHA,2019,17220101
Ghana,GHA,2020,17220101
Ghana,GHA,2021,12500340
Ghana,GHA,2022,12800889
Ghana,GHA,2023,9918507
Greece,GRC,2010,41
Greece,GRC,2011,60
Greece,GRC,2012,71
Greece,GRC,2013,88
Greece,GRC,2014,103
Greece,GRC,2015,88
Greece,GRC,2016,93
Greece,GRC,2017,106
Greece,GRC,2018,65
Greece,GRC,2019,32
Greece,GRC,2020,46
Greece,GRC,2021,29
Greece,GRC,2022,5
Greece,GRC,2023,52
Grenada,GRD,2010,878
Grenada,GRD,2011,873
Grenada,GRD,2012,896
Grenada,GRD,2013,156
Grenada,GRD,2014,39
Grenada,GRD,2015,25
Grenada,GRD,2016,151
Grenada,GRD,2017,239
Grenada,GRD,2018,463
Grenada,GRD,2019,106
Grenada,GRD,2020,253
Grenada,GRD,2021,230
Grenada,GRD,2022,286
Grenada,GRD,2023,635
Guatemala,GTM,2010,2718785
Guatemala,GTM,2011,3298737
Guatemala,GTM,2012,3216909
Guatemala,GTM,2013,3205688
Guatemala,GTM,2014,3234783
Guatemala,GTM,2015,3321447
Guatemala,GTM,2016,3265661
Guatemala,GTM,2017,4836947
Guatemala,GTM,2018,4957871
Guatemala,GTM,2019,4957871
Guatemala,GTM,2020,5052069
Guatemala,GTM,2021,4965477
Guatemala,GTM,2022,753035
Guatemala,GTM,2023,729890
Guinea,GIN,2010,8203062
Guinea,GIN,2011,8303988
Guinea,GIN,2012,8268055
Guinea,GIN,2013,8735878
Guinea,GIN,2014,8839057
Guinea,GIN,2015,7973039
Guinea,GIN,2016,7246135
Guinea,GIN,2017,7620187
Guinea,GIN,2018,7480197
Guinea,GIN,2019,7480197
Guinea,GIN,2020,8180533
Guinea,GIN,2021,8407131
Guinea,GIN,2022,8637776
Guinea,GIN,2023,8401212
Guinea-Bissau,GNB,2010,1545580
Guinea-Bissau,GNB,2011,1746320
Guinea-Bissau,GNB,2012,1777561
Guinea-Bissau,GNB,2013,1880661
Guinea-Bissau,GNB,2014,1884348
Guinea-Bissau,GNB,2015,1731541
Guinea-Bissau,GNB,2016,1576882
Guinea-Bissau,GNB,2017,1348965
Guinea-Bissau,GNB,2018,1206042
Guinea-Bissau,GNB,2019,1232549
Guinea-Bissau,GNB,2020,1892353
Guinea-Bissau,GNB,2021,1941909
Guinea-Bissau,GNB,2022,1992894
Guinea-Bissau,GNB,2023,919108
Guyana,GUY,2010,690869
Guyana,GUY,2011,690869
Guyana,GUY,2012,690869
Guyana,GUY,2013,544676
Guyana,GUY,2014,719455
Guyana,GUY,2015,747901
Guyana,GUY,2016,720459
Guyana,GUY,2017,730205
Guyana,GUY,2018,719312
Guyana,GUY,2019,685176
Guyana,GUY,2020,685741
Guyana,GUY,2021,685968
Guyana,GUY,2022,205594
Guyana,GUY,2023,206893
Haiti,HTI,2010,9603682
Haiti,HTI,2011,10018427
Haiti,HTI,2012,10905822
Haiti,HTI,2013,11166579
Haiti,HTI,2014,11358721
Haiti,HTI,2015,9831829
Haiti,HTI,2016,7581135
Haiti,HTI,2017,6052962
Haiti,HTI,2018,5771386
Haiti,HTI,2019,5921717
Haiti,HTI,2020,4363545
Haiti,HTI,2021,4447036
Haiti,HTI,2022,4451093
Haiti,HTI,2023,4487915
Honduras,HND,2010,2601881
Honduras,HND,2011,2612618
Honduras,HND,2012,2621397
Honduras,HND,2013,2646769
Honduras,HND,2014,2663781
Honduras,HND,2015,2399777
Honduras,HND,2016,2752416
Honduras,HND,2017,2726402
Honduras,HND,2018,2721691
Honduras,HND,2019,2214843
Honduras,HND,2020,2210111
Honduras,HND,2021,2363251
Honduras,HND,2022,2216658
Honduras,HND,2023,2208913
Hungary,HUN,2010,16
Hungary,HUN,2011,13
Hungary,HUN,2012,9
Hungary,HUN,2013,15
Hungary,HUN,2014,8
Hungary,HUN,2015,14
Hungary,HUN,2016,29
Hungary,HUN,2017,19
Hungary,HUN,2018,9
Hungary,HUN,2019,10
Hungary,HUN,2020,4
Hungary,HUN,2021,7
Hungary,HUN,2022,9
Hungary,HUN,2023,19
Iceland,ISL,2010,0
Iceland,ISL,2011,0
Iceland,ISL,2012,0
Iceland,ISL,2013,0
Iceland,ISL,2014,0
Iceland,ISL,2015,0
Iceland,ISL,2016,0
Iceland,ISL,2017,1
Iceland,ISL,2018,0
Iceland,ISL,2019,0
Iceland,ISL,2020,0
Iceland,ISL,2021,0
Iceland,ISL,2022,0
Iceland,ISL,2023,0
India,IND,2010,837413970
India,IND,2011,846009271
India,IND,2012,840500519
India,IND,2013,748197377
India,IND,2014,745451390
India,IND,2015,667768672
India,IND,2016,631095664
India,IND,2017,689741667
India,IND,2018,696937272
India,IND,2019,733660997
India,IND,2020,751758629
India,IND,2021,677290119
India,IND,2022,656757347
India,IND,2023,622238663
Indonesia,IDN,2010,157192592
Indonesia,IDN,2011,152147527
Indonesia,IDN,2012,146815201
Indonesia,IDN,2013,141350574
Indonesia,IDN,2014,127886656
Indonesia,IDN,2015,111437132
Indonesia,IDN,2016,101813236
Indonesia,IDN,2017,100463258
Indonesia,IDN,2018,100847287
Indonesia,IDN,2019,98728063
Indonesia,IDN,2020,86492939
Indonesia,IDN,2021,79889047
Indonesia,IDN,2022,77918170
Indonesia,IDN,2023,67464958
Iran,IRN,2010,23062
Iran,IRN,2011,19560
Iran,IRN,2012,21068
Iran,IRN,2013,16161
Iran,IRN,2014,21228
Iran,IRN,2015,19600
Iran,IRN,2016,14782
Iran,IRN,2017,12502
Iran,IRN,2018,15745
Iran,IRN,2019,8257
Iran,IRN,2020,10241
Iran,IRN,2021,14745
Iran,IRN,2022,10904
Iran,IRN,2023,5512
Iraq,IRQ,2010,3203400
Iraq,IRQ,2011,3243291
Iraq,IRQ,2012,3574492
Iraq,IRQ,2013,2003182
Iraq,IRQ,2014,2040539
Iraq,IRQ,2015,2107072
Iraq,IRQ,2016,2170486
Iraq,IRQ,2017,2170486
Iraq,IRQ,2018,2170486
Iraq,IRQ,2019,2170486
Iraq,IRQ,2020,2170486
Iraq,IRQ,2021,2170486
Iraq,IRQ,2022,2170486
Iraq,IRQ,2023,2170486
Ireland,IRL,2010,1
Ireland,IRL,2011,0
Ireland,IRL,2012,5
Ireland,IRL,2013,5
Ireland,IRL,2014,14
Ireland,IRL,2015,5
Ireland,IRL,2016,20
Ireland,IRL,2017,10
Ireland,IRL,2018,2
Ireland,IRL,2019,0
Ireland,IRL,2020,1
Ireland,IRL,2021,1
Ireland,IRL,2022,1
Ireland,IRL,2023,0
Israel,ISR,2010,234
Israel,ISR,2011,310
Israel,ISR,2012,354
Israel,ISR,2013,330
Israel,ISR,2014,346
Israel,ISR,2015,232
Israel,ISR,2016,242
Israel,ISR,2017,218
Israel,ISR,2018,277
Israel,ISR,2019,125
Israel,ISR,2020,88
Israel,ISR,2021,0
Israel,ISR,2022,0
Israel,ISR,2023,0
Italy,ITA,2010,149
Italy,ITA,2011,131
Italy,ITA,2012,181
Italy,ITA,2013,300
Italy,ITA,2014,222
Italy,ITA,2015,234
Italy,ITA,2016,214
Italy,ITA,2017,151
Italy,ITA,2018,154
Italy,ITA,2019,55
Italy,ITA,2020,53
Italy,ITA,2021,107
Italy,ITA,2022,99
Italy,ITA,2023,223
Jamaica,JAM,2010,125663
Jamaica,JAM,2011,124004
Jamaica,JAM,2012,144481
Jamaica,JAM,2013,417491
Jamaica,JAM,2014,410764
Jamaica,JAM,2015,343044
Jamaica,JAM,2016,347536
Jamaica,JAM,2017,305891
Jamaica,JAM,2018,988
Jamaica,JAM,2019,7560
Jamaica,JAM,2020,898
Jamaica,JAM,2021,96
Jamaica,JAM,2022,102
Jamaica,JAM,2023,8182
Japan,JPN,2010,256
Japan,JPN,2011,114
Japan,JPN,2012,7
Japan,JPN,2013,13
Japan,JPN,2014,12
Japan,JPN,2015,11
Japan,JPN,2016,5
Japan,JPN,2017,8
Japan,JPN,2018,5
Japan,JPN,2019,8
Japan,JPN,2020,9
Japan,JPN,2021,7
Japan,JPN,2022,5
Japan,JPN,2023,7
Jordan,JOR,2010,155
Jordan,JOR,2011,136
Jordan,JOR,2012,103
Jordan,JOR,2013,249
Jordan,JOR,2014,265
Jordan,JOR,2015,228
Jordan,JOR,2016,281
Jordan,JOR,2017,350
Jordan,JOR,2018,157
Jordan,JOR,2019,72
Jordan,JOR,2020,23
Jordan,JOR,2021,58
Jordan,JOR,2022,39
Jordan,JOR,2023,89
Kazakhstan,KAZ,2010,8
Kazakhstan,KAZ,2011,36
Kazakhstan,KAZ,2012,17
Kazakhstan,KAZ,2013,14
Kazakhstan,KAZ,2014,14
Kazakhstan,KAZ,2015,25
Kazakhstan,KAZ,2016,185
Kazakhstan,KAZ,2017,8
Kazakhstan,KAZ,2018,40
Kazakhstan,KAZ,2019,58
Kazakhstan,KAZ,2020,664
Kazakhstan,KAZ,2021,0
Kazakhstan,KAZ,2022,0
Kazakhstan,KAZ,2023,0
Kenya,KEN,2010,21811703
Kenya,KEN,2011,22415224
Kenya,KEN,2012,22763712
Kenya,KEN,2013,23545928
Kenya,KEN,2014,12283203
Kenya,KEN,2015,13642040
Kenya,KEN,2016,11770703
Kenya,KEN,2017,11626062
Kenya,KEN,2018,11645569
Kenya,KEN,2019,8321398
Kenya,KEN,2020,10597676
Kenya,KEN,2021,10649944
Kenya,KEN,2022,7842727
Kenya,KEN,2023,9778105
Kiribati,KIR,2010,93236
Kiribati,KIR,2011,103058
Kiribati,KIR,2012,103058
Kiribati,KIR,2013,60488
Kiribati,KIR,2014,54746
Kiribati,KIR,2015,33294
Kiribati,KIR,2016,117424
Kiribati,KIR,2017,120007
Kiribati,KIR,2018,121374
Kiribati,KIR,2019,122769
Kiribati,KIR,2020,124250
Kiribati,KIR,2021,125740
Kiribati,KIR,2022,127250
Kiribati,KIR,2023,128779
Kuwait,KWT,2010,33
Kuwait,KWT,2011,23
Kuwait,KWT,2012,20
Kuwait,KWT,2013,35
Kuwait,KWT,2014,20
Kuwait,KWT,2015,7
Kuwait,KWT,2016,14
Kuwait,KWT,2017,7
Kuwait,KWT,2018,13
Kuwait,KWT,2019,5
Kuwait,KWT,2020,19
Kuwait,KWT,2021,17
Kuwait,KWT,2022,22
Kuwait,KWT,2023,17
Kyrgyzstan,KGZ,2010,103793
Kyrgyzstan,KGZ,2011,104139
Kyrgyzstan,KGZ,2012,104587
Kyrgyzstan,KGZ,2013,107534
Kyrgyzstan,KGZ,2014,110086
Kyrgyzstan,KGZ,2015,111901
Kyrgyzstan,KGZ,2016,113625
Kyrgyzstan,KGZ,2017,113625
Kyrgyzstan,KGZ,2018,113625
Kyrgyzstan,KGZ,2019,2169854
Kyrgyzstan,KGZ,2020,2169854
Kyrgyzstan,KGZ,2021,2169854
Kyrgyzstan,KGZ,2022,2169854
Kyrgyzstan,KGZ,2023,2169854
Laos,LAO,2010,2274114
Laos,LAO,2011,2274371
Laos,LAO,2012,2053933
Laos,LAO,2013,2293962
Laos,LAO,2014,2183341
Laos,LAO,2015,2183066
Laos,LAO,2016,2206011
Laos,LAO,2017,1953002
Laos,LAO,2018,2031804
Laos,LAO,2019,2256885
Laos,LAO,2020,2052528
Laos,LAO,2021,2150290
Laos,LAO,2022,2192655
Laos,LAO,2023,2025831
Latin America and the Caribbean (UN),,2010,88382477
Latin America and the Caribbean (UN),,2011,75990531
Latin America and the Caribbean (UN),,2012,76516186
Latin America and the Caribbean (UN),,2013,72241768
Latin America and the Caribbean (UN),,2014,73849664
Latin America and the Caribbean (UN),,2015,70756732
Latin America and the Caribbean (UN),,2016,68483975
Latin America and the Caribbean (UN),,2017,75503183
Latin America and the Caribbean (UN),,2018,62904379
Latin America and the Caribbean (UN),,2019,63052464
Latin America and the Caribbean (UN),,2020,61745655
Latin America and the Caribbean (UN),,2021,61658028
Latin America and the Caribbean (UN),,2022,51669081
Latvia,LVA,2010,22
Latvia,LVA,2011,12
Latvia,LVA,2012,15
Latvia,LVA,2013,14
Latvia,LVA,2014,14
Latvia,LVA,2015,14
Latvia,LVA,2016,20
Latvia,LVA,2017,17
Latvia,LVA,2018,10
Latvia,LVA,2019,7
Latvia,LVA,2020,5
Latvia,LVA,2021,6
Latvia,LVA,2022,4
Latvia,LVA,2023,7
Lebanon,LBN,2010,6
Lebanon,LBN,2011,8
Lebanon,LBN,2012,3
Lebanon,LBN,2013,1035
Lebanon,LBN,2014,1395
Lebanon,LBN,2015,101
Lebanon,LBN,2016,59
Lebanon,LBN,2017,215
Lebanon,LBN,2018,263
Lebanon,LBN,2019,320
Lebanon,LBN,2020,239
Lebanon,LBN,2021,41
Lebanon,LBN,2022,22
Lebanon,LBN,2023,134
Lesotho,LSO,2010,530231
Lesotho,LSO,2011,529678
Lesotho,LSO,2012,534996
Lesotho,LSO,2013,517058
Lesotho,LSO,2014,517202
Lesotho,LSO,2015,523534
Lesotho,LSO,2016,530557
Lesotho,LSO,2017,387573
Lesotho,LSO,2018,382336
Lesotho,LSO,2019,382336
Lesotho,LSO,2020,387421
Lesotho,LSO,2021,387421
Lesotho,LSO,2022,387421
Lesotho,LSO,2023,387421
Liberia,LBR,2010,4118393
Liberia,LBR,2011,4129824
Liberia,LBR,2012,4163214
Liberia,LBR,2013,3800870
Liberia,LBR,2014,3892337
Liberia,LBR,2015,3812536
Liberia,LBR,2016,2919973
Liberia,LBR,2017,2590621
Liberia,LBR,2018,3094538
Liberia,LBR,2019,3175460
Liberia,LBR,2020,3180960
Liberia,LBR,2021,3272582
Liberia,LBR,2022,3635654
Liberia,LBR,2023,3762030
Libya,LBY,2010,2280
Libya,LBY,2011,1330
Libya,LBY,2012,1504
Libya,LBY,2013,517
Libya,LBY,2014,524
Libya,LBY,2015,1640
Libya,LBY,2016,2800
Libya,LBY,2017,2834
Libya,LBY,2018,3016
Libya,LBY,2019,6774
Libya,LBY,2020,4026
Libya,LBY,2021,1
Libya,LBY,2022,654
Libya,LBY,2023,451
Lithuania,LTU,2010,23
Lithuania,LTU,2011,25
Lithuania,LTU,2012,23
Lithuania,LTU,2013,25
Lithuania,LTU,2014,25
Lithuania,LTU,2015,42
Lithuania,LTU,2016,30
Lithuania,LTU,2017,42
Lithuania,LTU,2018,51
Lithuania,LTU,2019,81
Lithuania,LTU,2020,37
Lithuania,LTU,2021,20
Lithuania,LTU,2022,74
Lithuania,LTU,2023,89
Luxembourg,LUX,2010,3
Luxembourg,LUX,2011,2
Luxembourg,LUX,2012,0
Luxembourg,LUX,2013,0
Luxembourg,LUX,2014,0
Luxembourg,LUX,2015,0
Luxembourg,LUX,2016,1
Luxembourg,LUX,2017,2
Luxembourg,LUX,2018,0
Luxembourg,LUX,2019,1
Luxembourg,LUX,2020,3
Luxembourg,LUX,2021,1
Luxembourg,LUX,2022,1
Luxembourg,LUX,2023,3
Madagascar,MDG,2010,19324091
Madagascar,MDG,2011,19526890
Madagascar,MDG,2012,20020745
Madagascar,MDG,2013,19902970
Madagascar,MDG,2014,20489741
Madagascar,MDG,2015,21298533
Madagascar,MDG,2016,18863123
Madagascar,MDG,2017,20215764
Madagascar,MDG,2018,20224527
Madagascar,MDG,2019,21125732
Madagascar,MDG,2020,21390404
Madagascar,MDG,2021,21338435
Madagascar,MDG,2022,22923380
Madagascar,MDG,2023,21278009
Malawi,MWI,2010,15182245
Malawi,MWI,2011,16258408
Malawi,MWI,2012,17100807
Malawi,MWI,2013,17247597
Malawi,MWI,2014,11081195
Malawi,MWI,2015,11426323
Malawi,MWI,2016,11435030
Malawi,MWI,2017,11771796
Malawi,MWI,2018,12423068
Malawi,MWI,2019,12393153
Malawi,MWI,2020,12761253
Malawi,MWI,2021,13100699
Malawi,MWI,2022,13317437
Malawi,MWI,2023,10944581
Malaysia,MYS,2010,589140
Malaysia,MYS,2011,652692
Malaysia,MYS,2012,1266123
Malaysia,MYS,2013,660208
Malaysia,MYS,2014,176748
Malaysia,MYS,2015,174457
Malaysia,MYS,2016,120318
Malaysia,MYS,2017,83042
Malaysia,MYS,2018,80807
Malaysia,MYS,2019,127608
Malaysia,MYS,2020,19110
Malaysia,MYS,2021,26517
Malaysia,MYS,2022,64258
Malaysia,MYS,2023,111680
Maldives,MDV,2010,927
Maldives,MDV,2011,2923
Maldives,MDV,2012,1090
Maldives,MDV,2013,684
Maldives,MDV,2014,747
Maldives,MDV,2015,1892
Maldives,MDV,2016,1937
Maldives,MDV,2017,1004
Maldives,MDV,2018,3407
Maldives,MDV,2019,5013
Maldives,MDV,2020,330
Maldives,MDV,2021,24592
Maldives,MDV,2022,2653
Maldives,MDV,2023,3417
Mali,MLI,2010,16842943
Mali,MLI,2011,18008936
Mali,MLI,2012,18569896
Mali,MLI,2013,19604912
Mali,MLI,2014,19460797
Mali,MLI,2015,18291866
Mali,MLI,2016,18605778
Mali,MLI,2017,6841620
Mali,MLI,2018,7535901
Mali,MLI,2019,7735946
Mali,MLI,2020,7946641
Mali,MLI,2021,10171424
Mali,MLI,2022,10722920
Mali,MLI,2023,11060297
Malta,MLT,2010,12
Malta,MLT,2011,3
Malta,MLT,2012,3
Malta,MLT,2013,0
Malta,MLT,2014,0
Malta,MLT,2015,1
Malta,MLT,2016,2
Malta,MLT,2017,9
Malta,MLT,2018,6
Malta,MLT,2019,1
Malta,MLT,2020,3
Malta,MLT,2021,0
Malta,MLT,2022,0
Malta,MLT,2023,0
Marshall Islands,MHL,2010,17892
Marshall Islands,MHL,2011,18044
Marshall Islands,MHL,2012,15244
Marshall Islands,MHL,2013,14594
Marshall Islands,MHL,2014,21253
Marshall Islands,MHL,2015,28996
Marshall Islands,MHL,2016,19594
Marshall Islands,MHL,2017,19594
Marshall Islands,MHL,2018,19594
Marshall Islands,MHL,2019,19594
Marshall Islands,MHL,2020,19594
Marshall Islands,MHL,2021,19594
Marshall Islands,MHL,2022,19594
Marshall Islands,MHL,2023,19594
Mauritania,MRT,2010,661691
Mauritania,MRT,2011,661691
Mauritania,MRT,2012,662208
Mauritania,MRT,2013,678561
Mauritania,MRT,2014,681150
Mauritania,MRT,2015,690268
Mauritania,MRT,2016,589697
Mauritania,MRT,2017,855084
Mauritania,MRT,2018,916692
Mauritania,MRT,2019,826827
Mauritania,MRT,2020,844271
Mauritania,MRT,2021,931435
Mauritania,MRT,2022,931435
Mauritania,MRT,2023,946623
Mauritius,MUS,2010,24322
Mauritius,MUS,2011,23990
Mauritius,MUS,2012,23296
Mauritius,MUS,2013,20861
Mauritius,MUS,2014,0
Mauritius,MUS,2015,0
Mauritius,MUS,2016,0
Mauritius,MUS,2017,0
Mauritius,MUS,2018,1
Mauritius,MUS,2019,0
Mauritius,MUS,2020,2
Mauritius,MUS,2021,0
Mauritius,MUS,2022,1
Mauritius,MUS,2023,6299
Mexico,MEX,2010,8969431
Mexico,MEX,2011,8885336
Mexico,MEX,2012,9777048
Mexico,MEX,2013,10282283
Mexico,MEX,2014,10160220
Mexico,MEX,2015,9923501
Mexico,MEX,2016,9532039
Mexico,MEX,2017,28886413
Mexico,MEX,2018,19900177
Mexico,MEX,2019,19900177
Mexico,MEX,2020,20016375
Mexico,MEX,2021,19825655
Mexico,MEX,2022,19950557
Mexico,MEX,2023,279519
Micronesia (country),FSM,2010,35187
Micronesia (country),FSM,2011,35002
Micronesia (country),FSM,2012,34797
Micronesia (country),FSM,2013,22976
Micronesia (country),FSM,2014,52285
Micronesia (country),FSM,2015,72590
Micronesia (country),FSM,2016,70736
Micronesia (country),FSM,2017,70736
Micronesia (country),FSM,2018,70736
Micronesia (country),FSM,2019,70736
Micronesia (country),FSM,2020,70736
Micronesia (country),FSM,2021,70736
Micronesia (country),FSM,2022,36871
Micronesia (country),FSM,2023,36871
Moldova,MDA,2010,114591
Moldova,MDA,2011,113116
Moldova,MDA,2012,0
Moldova,MDA,2013,1
Moldova,MDA,2014,0
Moldova,MDA,2015,0
Moldova,MDA,2016,0
Moldova,MDA,2017,0
Moldova,MDA,2018,0
Moldova,MDA,2019,1
Moldova,MDA,2020,30
Moldova,MDA,2021,0
Moldova,MDA,2022,0
Moldova,MDA,2023,0
Monaco,MCO,2010,0
Monaco,MCO,2011,0
Monaco,MCO,2012,0
Monaco,MCO,2013,0
Monaco,MCO,2014,0
Monaco,MCO,2015,0
Monaco,MCO,2016,0
Monaco,MCO,2017,0
Monaco,MCO,2018,1
Monaco,MCO,2019,0
Monaco,MCO,2020,0
Monaco,MCO,2021,0
Monaco,MCO,2022,0
Monaco,MCO,2023,0
Mongolia,MNG,2010,25
Mongolia,MNG,2011,32
Mongolia,MNG,2012,25
Mongolia,MNG,2013,47
Mongolia,MNG,2014,42
Mongolia,MNG,2015,43
Mongolia,MNG,2016,47
Mongolia,MNG,2017,17
Mongolia,MNG,2018,1810
Mongolia,MNG,2019,0
Mongolia,MNG,2020,1
Mongolia,MNG,2021,0
Mongolia,MNG,2022,0
Mongolia,MNG,2023,0
Montenegro,MNE,2010,6309
Montenegro,MNE,2011,6244
Montenegro,MNE,2012,6272
Montenegro,MNE,2013,5267
Montenegro,MNE,2014,3
Montenegro,MNE,2015,5
Montenegro,MNE,2016,6
Montenegro,MNE,2017,4
Montenegro,MNE,2018,0
Montenegro,MNE,2019,0
Montenegro,MNE,2020,0
Montenegro,MNE,2021,0
Montenegro,MNE,2022,0
Montenegro,MNE,2023,0
Morocco,MAR,2010,8900
Morocco,MAR,2011,4482
Morocco,MAR,2012,3034
Morocco,MAR,2013,2741
Morocco,MAR,2014,2792
Morocco,MAR,2015,3027
Morocco,MAR,2016,5069
Morocco,MAR,2017,6983
Morocco,MAR,2018,12040
Morocco,MAR,2019,5609
Morocco,MAR,2020,3877
Morocco,MAR,2021,3229
Morocco,MAR,2022,2364
Morocco,MAR,2023,2405
Mozambique,MOZ,2010,20995373
Mozambique,MOZ,2011,21173259
Mozambique,MOZ,2012,21361840
Mozambique,MOZ,2013,22489106
Mozambique,MOZ,2014,22814191
Mozambique,MOZ,2015,23150013
Mozambique,MOZ,2016,23920538
Mozambique,MOZ,2017,23455303
Mozambique,MOZ,2018,23023478
Mozambique,MOZ,2019,21517399
Mozambique,MOZ,2020,22969482
Mozambique,MOZ,2021,23902902
Mozambique,MOZ,2022,24148567
Mozambique,MOZ,2023,23744174
Myanmar,MMR,2010,48309747
Myanmar,MMR,2011,44558743
Myanmar,MMR,2012,43673271
Myanmar,MMR,2013,43072246
Myanmar,MMR,2014,40774983
Myanmar,MMR,2015,41292086
Myanmar,MMR,2016,39343021
Myanmar,MMR,2017,37482211
Myanmar,MMR,2018,41778536
Myanmar,MMR,2019,23748613
Myanmar,MMR,2020,23748613
Myanmar,MMR,2021,24075083
Myanmar,MMR,2022,23816776
Myanmar,MMR,2023,19836694
Namibia,NAM,2010,999049
Namibia,NAM,2011,1010305
Namibia,NAM,2012,1044687
Namibia,NAM,2013,1040483
Namibia,NAM,2014,1048837
Namibia,NAM,2015,382721
Namibia,NAM,2016,382721
Namibia,NAM,2017,382721
Namibia,NAM,2018,382721
Namibia,NAM,2019,387146
Namibia,NAM,2020,387146
Namibia,NAM,2021,387147
Namibia,NAM,2022,387147
Namibia,NAM,2023,387962
Nauru,NRU,2010,2894
Nauru,NRU,2011,2874
Nauru,NRU,2012,2837
Nauru,NRU,2013,9488
Nauru,NRU,2014,2749
Nauru,NRU,2015,2822
Nauru,NRU,2016,2844
Nauru,NRU,2017,2844
Nauru,NRU,2018,2844
Nauru,NRU,2019,10774
Nauru,NRU,2020,10774
Nauru,NRU,2021,12300
Nauru,NRU,2022,12546
Nauru,NRU,2023,12797
Nepal,NPL,2010,26834231
Nepal,NPL,2011,26975315
Nepal,NPL,2012,20852506
Nepal,NPL,2013,23979335
Nepal,NPL,2014,21348508
Nepal,NPL,2015,18850311
Nepal,NPL,2016,17552881
Nepal,NPL,2017,16062081
Nepal,NPL,2018,14520580
Nepal,NPL,2019,14118850
Nepal,NPL,2020,13519533
Nepal,NPL,2021,13163981
Nepal,NPL,2022,14625228
Nepal,NPL,2023,14786109
Netherlands,NLD,2010,35
Netherlands,NLD,2011,45
Netherlands,NLD,2012,50
Netherlands,NLD,2013,34
Netherlands,NLD,2014,37
Netherlands,NLD,2015,64
Netherlands,NLD,2016,38
Netherlands,NLD,2017,41
Netherlands,NLD,2018,44
Netherlands,NLD,2019,48
Netherlands,NLD,2020,52
Netherlands,NLD,2021,53
Netherlands,NLD,2022,46
Netherlands,NLD,2023,60
New Zealand,NZL,2010,54
New Zealand,NZL,2011,43
New Zealand,NZL,2012,1
New Zealand,NZL,2013,3
New Zealand,NZL,2014,4
New Zealand,NZL,2015,3
New Zealand,NZL,2016,0
New Zealand,NZL,2017,3
New Zealand,NZL,2018,3
New Zealand,NZL,2019,6
New Zealand,NZL,2020,3
New Zealand,NZL,2021,5
New Zealand,NZL,2022,4
New Zealand,NZL,2023,0
Nicaragua,NIC,2010,1866501
Nicaragua,NIC,2011,1861892
Nicaragua,NIC,2012,1846947
Nicaragua,NIC,2013,1178283
Nicaragua,NIC,2014,1175728
Nicaragua,NIC,2015,933780
Nicaragua,NIC,2016,926646
Nicaragua,NIC,2017,1614121
Nicaragua,NIC,2018,1611101
Nicaragua,NIC,2019,1611101
Nicaragua,NIC,2020,1595366
Nicaragua,NIC,2021,1335721
Nicaragua,NIC,2022,1592034
Nicaragua,NIC,2023,1892977
Niger,NER,2010,14458887
Niger,NER,2011,14837111
Niger,NER,2012,15366099
Niger,NER,2013,16041372
Niger,NER,2014,14871359
Niger,NER,2015,15779050
Niger,NER,2016,15233885
Niger,NER,2017,14068652
Niger,NER,2018,14338992
Niger,NER,2019,14046246
Niger,NER,2020,10993882
Niger,NER,2021,11426103
Niger,NER,2022,11371667
Niger,NER,2023,6194250
Nigeria,NGA,2010,122768724
Nigeria,NGA,2011,135828252
Nigeria,NGA,2012,139891007
Nigeria,NGA,2013,147555654
Nigeria,NGA,2014,140377288
Nigeria,NGA,2015,140541791
Nigeria,NGA,2016,128936746
Nigeria,NGA,2017,133972724
Nigeria,NGA,2018,131361930
Nigeria,NGA,2019,134545208
Nigeria,NGA,2020,136378141
Nigeria,NGA,2021,139910337
Nigeria,NGA,2022,138928998
Nigeria,NGA,2023,92474258
Niue,NIU,2010,0
Niue,NIU,2011,0
Niue,NIU,2012,0
Niue,NIU,2013,0
Niue,NIU,2014,0
Niue,NIU,2015,0
Niue,NIU,2016,1
Niue,NIU,2017,0
Niue,NIU,2018,0
Niue,NIU,2019,0
Niue,NIU,2020,0
Niue,NIU,2021,0
Niue,NIU,2022,0
Niue,NIU,2023,0
North Korea,PRK,2010,1949632
North Korea,PRK,2011,1911883
North Korea,PRK,2012,2076931
North Korea,PRK,2013,908349
North Korea,PRK,2014,5643102
North Korea,PRK,2015,6082191
North Korea,PRK,2016,5214937
North Korea,PRK,2017,5554958
North Korea,PRK,2018,5459159
North Korea,PRK,2019,5418928
North Korea,PRK,2020,5337343
North Korea,PRK,2021,5337343
North Korea,PRK,2022,5337343
North Korea,PRK,2023,5301031
North Macedonia,MKD,2010,20145
North Macedonia,MKD,2011,19742
North Macedonia,MKD,2012,19611
North Macedonia,MKD,2013,22983
North Macedonia,MKD,2014,11
North Macedonia,MKD,2015,4
North Macedonia,MKD,2016,5
North Macedonia,MKD,2017,9
North Macedonia,MKD,2018,12
North Macedonia,MKD,2019,0
North Macedonia,MKD,2020,0
North Macedonia,MKD,2021,0
North Macedonia,MKD,2022,0
North Macedonia,MKD,2023,0
Northern Africa and Western Asia (UN),,2010,79518653
Northern Africa and Western Asia (UN),,2011,77608878
Northern Africa and Western Asia (UN),,2012,77451822
Northern Africa and Western Asia (UN),,2013,80490866
Northern Africa and Western Asia (UN),,2014,62153124
Northern Africa and Western Asia (UN),,2015,39841915
Northern Africa and Western Asia (UN),,2016,37815166
Northern Africa and Western Asia (UN),,2017,29629297
Northern Africa and Western Asia (UN),,2018,35418153
Northern Africa and Western Asia (UN),,2019,34709792
Northern Africa and Western Asia (UN),,2020,32658144
Northern Africa and Western Asia (UN),,2021,28702251
Northern Africa and Western Asia (UN),,2022,29081595
Northern America and Europe (UN),,2010,1084009
Northern America and Europe (UN),,2011,1075724
Northern America and Europe (UN),,2012,126073
Northern America and Europe (UN),,2013,63175
Northern America and Europe (UN),,2014,7184
Northern America and Europe (UN),,2015,4589
Northern America and Europe (UN),,2016,5222
Northern America and Europe (UN),,2017,4684
Northern America and Europe (UN),,2018,2057
Northern America and Europe (UN),,2019,2537
Northern America and Europe (UN),,2020,1871
Northern America and Europe (UN),,2021,1036
Northern America and Europe (UN),,2022,2252
Norway,NOR,2010,2
Norway,NOR,2011,3
Norway,NOR,2012,30
Norway,NOR,2013,52
Norway,NOR,2014,73
Norway,NOR,2015,100
Norway,NOR,2016,67
Norway,NOR,2017,39
Norway,NOR,2018,7
Norway,NOR,2019,8
Norway,NOR,2020,6
Norway,NOR,2021,11
Norway,NOR,2022,10
Norway,NOR,2023,12
Oceania (exc. Australia and New Zealand) (UN),,2010,10536459
Oceania (exc. Australia and New Zealand) (UN),,2011,9698398
Oceania (exc. Australia and New Zealand) (UN),,2012,8962012
Oceania (exc. Australia and New Zealand) (UN),,2013,8214371
Oceania (exc. Australia and New Zealand) (UN),,2014,12306215
Oceania (exc. Australia and New Zealand) (UN),,2015,8439657
Oceania (exc. Australia and New Zealand) (UN),,2016,8543298
Oceania (exc. Australia and New Zealand) (UN),,2017,8588353
Oceania (exc. Australia and New Zealand) (UN),,2018,8460790
Oceania (exc. Australia and New Zealand) (UN),,2019,9150292
Oceania (exc. Australia and New Zealand) (UN),,2020,9171058
Oceania (exc. Australia and New Zealand) (UN),,2021,9341167
Oceania (exc. Australia and New Zealand) (UN),,2022,9412122
Oman,OMN,2010,6
Oman,OMN,2011,3
Oman,OMN,2012,10
Oman,OMN,2013,16
Oman,OMN,2014,18
Oman,OMN,2015,5
Oman,OMN,2016,3
Oman,OMN,2017,6
Oman,OMN,2018,83
Oman,OMN,2019,82
Oman,OMN,2020,233
Oman,OMN,2021,259
Oman,OMN,2022,127
Oman,OMN,2023,2246
Pakistan,PAK,2010,69714319
Pakistan,PAK,2011,69714319
Pakistan,PAK,2012,31511018
Pakistan,PAK,2013,30292389
Pakistan,PAK,2014,30418380
Pakistan,PAK,2015,31056287
Pakistan,PAK,2016,31683212
Pakistan,PAK,2017,31683212
Pakistan,PAK,2018,31683212
Pakistan,PAK,2019,25234450
Pakistan,PAK,2020,25234450
Pakistan,PAK,2021,25234450
Pakistan,PAK,2022,27745571
Pakistan,PAK,2023,27745571
Palau,PLW,2010,20044
Palau,PLW,2011,20044
Palau,PLW,2012,20044
Palau,PLW,2013,3
Palau,PLW,2014,15
Palau,PLW,2015,15
Palau,PLW,2016,41
Palau,PLW,2017,0
Palau,PLW,2018,1
Palau,PLW,2019,3
Palau,PLW,2020,0
Palau,PLW,2021,2
Palau,PLW,2022,39
Palau,PLW,2023,4
Panama,PAN,2010,426760
Panama,PAN,2011,428668
Panama,PAN,2012,413140
Panama,PAN,2013,419689
Panama,PAN,2014,392717
Panama,PAN,2015,437597
Panama,PAN,2016,453129
Panama,PAN,2017,436029
Panama,PAN,2018,50833
Panama,PAN,2019,51175
Panama,PAN,2020,64414
Panama,PAN,2021,62635
Panama,PAN,2022,59848
Panama,PAN,2023,58388
Papua New Guinea,PNG,2010,6113938
Papua New Guinea,PNG,2011,6167038
Papua New Guinea,PNG,2012,6205145
Papua New Guinea,PNG,2013,6252956
Papua New Guinea,PNG,2014,6301846
Papua New Guinea,PNG,2015,6425746
Papua New Guinea,PNG,2016,6528722
Papua New Guinea,PNG,2017,6546649
Papua New Guinea,PNG,2018,6261977
Papua New Guinea,PNG,2019,6982087
Papua New Guinea,PNG,2020,6982087
Papua New Guinea,PNG,2021,7046178
Papua New Guinea,PNG,2022,7328058
Papua New Guinea,PNG,2023,7465549
Paraguay,PRY,2010,922422
Paraguay,PRY,2011,926211
Paraguay,PRY,2012,892188
Paraguay,PRY,2013,454727
Paraguay,PRY,2014,804269
Paraguay,PRY,2015,795686
Paraguay,PRY,2016,790833
Paraguay,PRY,2017,1974853
Paraguay,PRY,2018,1974836
Paraguay,PRY,2019,1974836
Paraguay,PRY,2020,1999482
Paraguay,PRY,2021,2085302
Paraguay,PRY,2022,1821286
Paraguay,PRY,2023,2087033
Peru,PER,2010,3470149
Peru,PER,2011,3463562
Peru,PER,2012,3003504
Peru,PER,2013,3008028
Peru,PER,2014,2985116
Peru,PER,2015,2831613
Peru,PER,2016,2814779
Peru,PER,2017,2679217
Peru,PER,2018,346737
Peru,PER,2019,342185
Peru,PER,2020,359011
Peru,PER,2021,384895
Peru,PER,2022,429672
Peru,PER,2023,420150
Philippines,PHL,2010,52756155
Philippines,PHL,2011,49871718
Philippines,PHL,2012,51303271
Philippines,PHL,2013,44946508
Philippines,PHL,2014,44676210
Philippines,PHL,2015,43430927
Philippines,PHL,2016,49110117
Philippines,PHL,2017,49143290
Philippines,PHL,2018,47078380
Philippines,PHL,2019,47496283
Philippines,PHL,2020,48539291
Philippines,PHL,2021,47533799
Philippines,PHL,2022,50532822
Philippines,PHL,2023,49499441
Poland,POL,2010,42
Poland,POL,2011,24
Poland,POL,2012,33
Poland,POL,2013,52
Poland,POL,2014,63
Poland,POL,2015,59
Poland,POL,2016,105
Poland,POL,2017,87
Poland,POL,2018,51
Poland,POL,2019,70
Poland,POL,2020,18
Poland,POL,2021,26
Poland,POL,2022,46
Poland,POL,2023,66
Portugal,PRT,2010,35
Portugal,PRT,2011,17
Portugal,PRT,2012,8
Portugal,PRT,2013,12
Portugal,PRT,2014,13
Portugal,PRT,2015,29
Portugal,PRT,2016,28
Portugal,PRT,2017,19
Portugal,PRT,2018,23
Portugal,PRT,2019,13
Portugal,PRT,2020,4
Portugal,PRT,2021,5
Portugal,PRT,2022,3
Portugal,PRT,2023,8
Qatar,QAT,2010,35
Qatar,QAT,2011,25
Qatar,QAT,2012,24
Qatar,QAT,2013,34
Qatar,QAT,2014,57
Qatar,QAT,2015,35
Qatar,QAT,2016,41
Qatar,QAT,2017,32
Qatar,QAT,2018,4
Qatar,QAT,2019,40
Qatar,QAT,2020,44
Qatar,QAT,2021,29
Qatar,QAT,2022,24
Qatar,QAT,2023,205
Romania,ROU,2010,843154
Romania,ROU,2011,837232
Romania,ROU,2012,100
Romania,ROU,2013,61
Romania,ROU,2014,37
Romania,ROU,2015,26
Romania,ROU,2016,24
Romania,ROU,2017,24
Romania,ROU,2018,4
Romania,ROU,2019,1
Romania,ROU,2020,0
Romania,ROU,2021,1
Romania,ROU,2022,4
Romania,ROU,2023,38
Russia,RUS,2010,15
Russia,RUS,2011,9
Russia,RUS,2012,4
Russia,RUS,2013,15
Russia,RUS,2014,7
Russia,RUS,2015,9
Russia,RUS,2016,8
Russia,RUS,2017,3
Russia,RUS,2018,5
Russia,RUS,2019,7
Russia,RUS,2020,280
Russia,RUS,2021,0
Russia,RUS,2022,0
Russia,RUS,2023,1
Rwanda,RWA,2010,4270858
Rwanda,RWA,2011,4395476
Rwanda,RWA,2012,4721856
Rwanda,RWA,2013,4946783
Rwanda,RWA,2014,4148673
Rwanda,RWA,2015,5065110
Rwanda,RWA,2016,5190529
Rwanda,RWA,2017,5328513
Rwanda,RWA,2018,4717934
Rwanda,RWA,2019,5015979
Rwanda,RWA,2020,5011488
Rwanda,RWA,2021,6184262
Rwanda,RWA,2022,7788142
Rwanda,RWA,2023,7905114
Saint Kitts and Nevis,KNA,2010,518
Saint Kitts and Nevis,KNA,2011,518
Saint Kitts and Nevis,KNA,2012,463
Saint Kitts and Nevis,KNA,2013,100
Saint Kitts and Nevis,KNA,2014,75
Saint Kitts and Nevis,KNA,2015,5
Saint Kitts and Nevis,KNA,2016,136
Saint Kitts and Nevis,KNA,2017,10
Saint Kitts and Nevis,KNA,2018,6
Saint Kitts and Nevis,KNA,2019,46
Saint Kitts and Nevis,KNA,2020,20
Saint Kitts and Nevis,KNA,2021,0
Saint Kitts and Nevis,KNA,2022,1
Saint Kitts and Nevis,KNA,2023,286
Saint Lucia,LCA,2010,41619
Saint Lucia,LCA,2011,41363
Saint Lucia,LCA,2012,41542
Saint Lucia,LCA,2013,36090
Saint Lucia,LCA,2014,35952
Saint Lucia,LCA,2015,33729
Saint Lucia,LCA,2016,26921
Saint Lucia,LCA,2017,23465
Saint Lucia,LCA,2018,98
Saint Lucia,LCA,2019,26
Saint Lucia,LCA,2020,1318
Saint Lucia,LCA,2021,48
Saint Lucia,LCA,2022,26
Saint Lucia,LCA,2023,75
Saint Vincent and the Grenadines,VCT,2010,573
Saint Vincent and the Grenadines,VCT,2011,565
Saint Vincent and the Grenadines,VCT,2012,529
Saint Vincent and the Grenadines,VCT,2013,127
Saint Vincent and the Grenadines,VCT,2014,117
Saint Vincent and the Grenadines,VCT,2015,13
Saint Vincent and the Grenadines,VCT,2016,89
Saint Vincent and the Grenadines,VCT,2017,5
Saint Vincent and the Grenadines,VCT,2018,4
Saint Vincent and the Grenadines,VCT,2019,702
Saint Vincent and the Grenadines,VCT,2020,1603
Saint Vincent and the Grenadines,VCT,2021,654
Saint Vincent and the Grenadines,VCT,2022,782
Saint Vincent and the Grenadines,VCT,2023,759
Samoa,WSM,2010,186649
Samoa,WSM,2011,186649
Samoa,WSM,2012,186649
Samoa,WSM,2013,186649
Samoa,WSM,2014,182052
Samoa,WSM,2015,61325
Samoa,WSM,2016,61325
Samoa,WSM,2017,61325
Samoa,WSM,2018,191219
Samoa,WSM,2019,191219
Samoa,WSM,2020,191219
Samoa,WSM,2021,191219
Samoa,WSM,2022,191219
Samoa,WSM,2023,191219
San Marino,SMR,2010,0
San Marino,SMR,2011,0
San Marino,SMR,2012,0
San Marino,SMR,2013,0
San Marino,SMR,2014,0
San Marino,SMR,2015,0
San Marino,SMR,2016,1
San Marino,SMR,2017,0
San Marino,SMR,2018,1
San Marino,SMR,2019,0
San Marino,SMR,2020,0
San Marino,SMR,2021,0
San Marino,SMR,2022,0
San Marino,SMR,2023,0
Sao Tome and Principe,STP,2010,410000
Sao Tome and Principe,STP,2011,410000
Sao Tome and Principe,STP,2012,410000
Sao Tome and Principe,STP,2013,410000
Sao Tome and Principe,STP,2014,194850
Sao Tome and Principe,STP,2015,199686
Sao Tome and Principe,STP,2016,192537
Sao Tome and Principe,STP,2017,192800
Sao Tome and Principe,STP,2018,201784
Sao Tome and Principe,STP,2019,201114
Sao Tome and Principe,STP,2020,210238
Sao Tome and Principe,STP,2021,98337
Sao Tome and Principe,STP,2022,100147
Sao Tome and Principe,STP,2023,101989
Saudi Arabia,SAU,2010,4142
Saudi Arabia,SAU,2011,1964
Saudi Arabia,SAU,2012,1476
Saudi Arabia,SAU,2013,2009
Saudi Arabia,SAU,2014,2209
Saudi Arabia,SAU,2015,1497
Saudi Arabia,SAU,2016,1354
Saudi Arabia,SAU,2017,1022
Saudi Arabia,SAU,2018,941
Saudi Arabia,SAU,2019,1128
Saudi Arabia,SAU,2020,1083
Saudi Arabia,SAU,2021,627
Saudi Arabia,SAU,2022,4223
Saudi Arabia,SAU,2023,15056
Senegal,SEN,2010,8721204
Senegal,SEN,2011,8837088
Senegal,SEN,2012,8836568
Senegal,SEN,2013,11152917
Senegal,SEN,2014,11786376
Senegal,SEN,2015,11849373
Senegal,SEN,2016,11635621
Senegal,SEN,2017,12005592
Senegal,SEN,2018,9061189
Senegal,SEN,2019,8815619
Senegal,SEN,2020,5590970
Senegal,SEN,2021,5764573
Senegal,SEN,2022,3305281
Senegal,SEN,2023,4101016
Serbia,SRB,2010,93886
Serbia,SRB,2011,93503
Serbia,SRB,2012,92677
Serbia,SRB,2013,25617
Serbia,SRB,2014,0
Serbia,SRB,2015,0
Serbia,SRB,2016,0
Serbia,SRB,2017,0
Serbia,SRB,2018,0
Serbia,SRB,2019,0
Serbia,SRB,2020,0
Serbia,SRB,2021,0
Serbia,SRB,2022,0
Serbia,SRB,2023,0
Seychelles,SYC,2010,1
Seychelles,SYC,2011,1
Seychelles,SYC,2012,0
Seychelles,SYC,2013,0
Seychelles,SYC,2014,1
Seychelles,SYC,2015,0
Seychelles,SYC,2016,0
Seychelles,SYC,2017,0
Seychelles,SYC,2018,0
Seychelles,SYC,2019,0
Seychelles,SYC,2020,1
Seychelles,SYC,2021,1
Seychelles,SYC,2022,0
Seychelles,SYC,2023,0
Sierra Leone,SLE,2010,6903386
Sierra Leone,SLE,2011,7101947
Sierra Leone,SLE,2012,7452567
Sierra Leone,SLE,2013,7559427
Sierra Leone,SLE,2014,7563752
Sierra Leone,SLE,2015,7500446
Sierra Leone,SLE,2016,7651657
Sierra Leone,SLE,2017,7000858
Sierra Leone,SLE,2018,6498480
Sierra Leone,SLE,2019,6910107
Sierra Leone,SLE,2020,7617601
Sierra Leone,SLE,2021,7315339
Sierra Leone,SLE,2022,7362099
Sierra Leone,SLE,2023,7398716
Singapore,SGP,2010,5375
Singapore,SGP,2011,5341
Singapore,SGP,2012,4078
Singapore,SGP,2013,20690
Singapore,SGP,2014,17996
Singapore,SGP,2015,10473
Singapore,SGP,2016,13098
Singapore,SGP,2017,2695
Singapore,SGP,2018,6
Singapore,SGP,2019,15998
Singapore,SGP,2020,35315
Singapore,SGP,2021,5268
Singapore,SGP,2022,31897
Singapore,SGP,2023,9939
Slovakia,SVK,2010,9
Slovakia,SVK,2011,2
Slovakia,SVK,2012,6
Slovakia,SVK,2013,24
Slovakia,SVK,2014,8
Slovakia,SVK,2015,7
Slovakia,SVK,2016,8
Slovakia,SVK,2017,7
Slovakia,SVK,2018,10
Slovakia,SVK,2019,11
Slovakia,SVK,2020,3
Slovakia,SVK,2021,2
Slovakia,SVK,2022,6
Slovakia,SVK,2023,10
Slovenia,SVN,2010,16
Slovenia,SVN,2011,16
Slovenia,SVN,2012,16
Slovenia,SVN,2013,14
Slovenia,SVN,2014,7
Slovenia,SVN,2015,10
Slovenia,SVN,2016,9
Slovenia,SVN,2017,13
Slovenia,SVN,2018,6
Slovenia,SVN,2019,7
Slovenia,SVN,2020,4
Slovenia,SVN,2021,11
Slovenia,SVN,2022,5
Slovenia,SVN,2023,16
Solomon Islands,SLB,2010,191840
Solomon Islands,SLB,2011,194300
Solomon Islands,SLB,2012,404985
Solomon Islands,SLB,2013,487695
Solomon Islands,SLB,2014,522826
Solomon Islands,SLB,2015,534850
Solomon Islands,SLB,2016,518106
Solomon Islands,SLB,2017,530022
Solomon Islands,SLB,2018,542215
Solomon Islands,SLB,2019,493611
Solomon Islands,SLB,2020,503483
Solomon Islands,SLB,2021,598343
Solomon Islands,SLB,2022,610310
Solomon Islands,SLB,2023,722398
Somalia,SOM,2010,4061459
Somalia,SOM,2011,4166609
Somalia,SOM,2012,4259261
Somalia,SOM,2013,4766354
Somalia,SOM,2014,4890603
Somalia,SOM,2015,5015936
Somalia,SOM,2016,5163752
Somalia,SOM,2017,2532411
Somalia,SOM,2018,2286299
Somalia,SOM,2019,2286299
Somalia,SOM,2020,3698691
Somalia,SOM,2021,3698691
Somalia,SOM,2022,3397851
Somalia,SOM,2023,3780177
South Africa,ZAF,2010,6144429
South Africa,ZAF,2011,6171372
South Africa,ZAF,2012,6164232
South Africa,ZAF,2013,6585451
South Africa,ZAF,2014,6632628
South Africa,ZAF,2015,6696701
South Africa,ZAF,2016,6784419
South Africa,ZAF,2017,19334622
South Africa,ZAF,2018,18807465
South Africa,ZAF,2019,18807465
South Africa,ZAF,2020,16502598
South Africa,ZAF,2021,16502598
South Africa,ZAF,2022,14493252
South Africa,ZAF,2023,14069347
South Korea,KOR,2010,131
South Korea,KOR,2011,79
South Korea,KOR,2012,154
South Korea,KOR,2013,259
South Korea,KOR,2014,171
South Korea,KOR,2015,257
South Korea,KOR,2016,323
South Korea,KOR,2017,3
South Korea,KOR,2018,6
South Korea,KOR,2019,4
South Korea,KOR,2020,3
South Korea,KOR,2021,5
South Korea,KOR,2022,2
South Korea,KOR,2023,3
South Sudan,SSD,2010,5263538
South Sudan,SSD,2011,2559354
South Sudan,SSD,2012,5707037
South Sudan,SSD,2013,9050474
South Sudan,SSD,2014,9320607
South Sudan,SSD,2015,9706562
South Sudan,SSD,2016,9991337
South Sudan,SSD,2017,9500223
South Sudan,SSD,2018,7467149
South Sudan,SSD,2019,8472338
South Sudan,SSD,2020,8571203
South Sudan,SSD,2021,8758494
South Sudan,SSD,2022,9209212
South Sudan,SSD,2023,9622332
South-East Asia (WHO),,2016,844036467
South-East Asia (WHO),,2017,907399983
South-East Asia (WHO),,2018,917512198
South-East Asia (WHO),,2019,933815485
South-East Asia (WHO),,2020,938873059
South-East Asia (WHO),,2021,856840549
South-East Asia (WHO),,2022,833072212
South-East Asia (WHO),,2023,787674482
Spain,ESP,2010,255
Spain,ESP,2011,298
Spain,ESP,2012,327
Spain,ESP,2013,370
Spain,ESP,2014,277
Spain,ESP,2015,299
Spain,ESP,2016,721
Spain,ESP,2017,604
Spain,ESP,2018,187
Spain,ESP,2019,199
Spain,ESP,2020,104
Spain,ESP,2021,132
Spain,ESP,2022,82
Spain,ESP,2023,180
Sri Lanka,LKA,2010,36329
Sri Lanka,LKA,2011,30692
Sri Lanka,LKA,2012,46690
Sri Lanka,LKA,2013,34081
Sri Lanka,LKA,2014,50804
Sri Lanka,LKA,2015,33253
Sri Lanka,LKA,2016,57572
Sri Lanka,LKA,2017,187588
Sri Lanka,LKA,2018,55514
Sri Lanka,LKA,2019,109638
Sri Lanka,LKA,2020,34529
Sri Lanka,LKA,2021,26117
Sri Lanka,LKA,2022,81224
Sri Lanka,LKA,2023,94495
Sub-Saharan Africa (UN),,2010,632128842
Sub-Saharan Africa (UN),,2011,659400251
Sub-Saharan Africa (UN),,2012,669933806
Sub-Saharan Africa (UN),,2013,708442023
Sub-Saharan Africa (UN),,2014,650285759
Sub-Saharan Africa (UN),,2015,644725366
Sub-Saharan Africa (UN),,2016,610864722
Sub-Saharan Africa (UN),,2017,596134224
Sub-Saharan Africa (UN),,2018,594133892
Sub-Saharan Africa (UN),,2019,592060074
Sub-Saharan Africa (UN),,2020,582297342
Sub-Saharan Africa (UN),,2021,587879552
Sub-Saharan Africa (UN),,2022,582699007
Sudan,SDN,2010,32064553
Sudan,SDN,2011,29819813
Sudan,SDN,2012,30750805
Sudan,SDN,2013,28227078
Sudan,SDN,2014,28461970
Sudan,SDN,2015,26533962
Sudan,SDN,2016,25572281
Sudan,SDN,2017,11031353
Sudan,SDN,2018,11930091
Sudan,SDN,2019,12015065
Sudan,SDN,2020,12769465
Sudan,SDN,2021,12728564
Sudan,SDN,2022,12047685
Sudan,SDN,2023,12159633
Suriname,SUR,2010,432
Suriname,SUR,2011,450
Suriname,SUR,2012,1284
Suriname,SUR,2013,428
Suriname,SUR,2014,51357
Suriname,SUR,2015,56918
Suriname,SUR,2016,58237
Suriname,SUR,2017,54467
Suriname,SUR,2018,265
Suriname,SUR,2019,241
Suriname,SUR,2020,621
Suriname,SUR,2021,170
Suriname,SUR,2022,40
Suriname,SUR,2023,369
Sweden,SWE,2010,30
Sweden,SWE,2011,118
Sweden,SWE,2012,191
Sweden,SWE,2013,236
Sweden,SWE,2014,140
Sweden,SWE,2015,185
Sweden,SWE,2016,252
Sweden,SWE,2017,152
Sweden,SWE,2018,65
Sweden,SWE,2019,72
Sweden,SWE,2020,40
Sweden,SWE,2021,42
Sweden,SWE,2022,37
Sweden,SWE,2023,48
Switzerland,CHE,2010,0
Switzerland,CHE,2011,0
Switzerland,CHE,2012,1
Switzerland,CHE,2013,0
Switzerland,CHE,2014,0
Switzerland,CHE,2015,0
Switzerland,CHE,2016,0
Switzerland,CHE,2017,0
Switzerland,CHE,2018,0
Switzerland,CHE,2019,0
Switzerland,CHE,2020,0
Switzerland,CHE,2021,0
Switzerland,CHE,2022,36
Switzerland,CHE,2023,39
Syria,SYR,2010,42193
Syria,SYR,2011,58178
Syria,SYR,2012,55916
Syria,SYR,2013,72033
Syria,SYR,2014,53912
Syria,SYR,2015,50998
Syria,SYR,2016,47406
Syria,SYR,2017,1925000
Syria,SYR,2018,1767108
Syria,SYR,2019,2440286
Syria,SYR,2020,2440286
Syria,SYR,2021,2971666
Syria,SYR,2022,2971666
Syria,SYR,2023,2971666
Tajikistan,TJK,2010,105377
Tajikistan,TJK,2011,105686
Tajikistan,TJK,2012,104685
Tajikistan,TJK,2013,117045
Tajikistan,TJK,2014,120476
Tajikistan,TJK,2015,123178
Tajikistan,TJK,2016,125863
Tajikistan,TJK,2017,2844918
Tajikistan,TJK,2018,3230054
Tajikistan,TJK,2019,3161746
Tajikistan,TJK,2020,3375143
Tajikistan,TJK,2021,3375143
Tajikistan,TJK,2022,3375143
Tajikistan,TJK,2023,3375143
Tanzania,TZA,2010,43656348
Tanzania,TZA,2011,50421052
Tanzania,TZA,2012,51864011
Tanzania,TZA,2013,46961920
Tanzania,TZA,2014,33866309
Tanzania,TZA,2015,33064128
Tanzania,TZA,2016,26823106
Tanzania,TZA,2017,26709403
Tanzania,TZA,2018,26707925
Tanzania,TZA,2019,27086592
Tanzania,TZA,2020,29038890
Tanzania,TZA,2021,32876354
Tanzania,TZA,2022,34835231
Tanzania,TZA,2023,36039903
Thailand,THA,2010,117369
Thailand,THA,2011,83105
Thailand,THA,2012,79824
Thailand,THA,2013,154968
Thailand,THA,2014,41298
Thailand,THA,2015,145147
Thailand,THA,2016,64109
Thailand,THA,2017,53368
Thailand,THA,2018,55094
Thailand,THA,2019,129105
Thailand,THA,2020,50134
Thailand,THA,2021,7248
Thailand,THA,2022,46831
Thailand,THA,2023,159310
Togo,TGO,2010,4323967
Togo,TGO,2011,4642943
Togo,TGO,2012,4470369
Togo,TGO,2013,4782153
Togo,TGO,2014,4613684
Togo,TGO,2015,5586475
Togo,TGO,2016,6328077
Togo,TGO,2017,5376102
Togo,TGO,2018,4292784
Togo,TGO,2019,4311460
Togo,TGO,2020,4603985
Togo,TGO,2021,5128595
Togo,TGO,2022,5081808
Togo,TGO,2023,4591039
Tonga,TON,2010,30
Tonga,TON,2011,0
Tonga,TON,2012,36483
Tonga,TON,2013,36604
Tonga,TON,2014,36668
Tonga,TON,2015,36871
Tonga,TON,2016,37131
Tonga,TON,2017,37131
Tonga,TON,2018,37131
Tonga,TON,2019,37131
Tonga,TON,2020,37131
Tonga,TON,2021,37131
Tonga,TON,2022,37131
Tonga,TON,2023,37131
Trinidad and Tobago,TTO,2010,20521
Trinidad and Tobago,TTO,2011,20526
Trinidad and Tobago,TTO,2012,20583
Trinidad and Tobago,TTO,2013,17829
Trinidad and Tobago,TTO,2014,17869
Trinidad and Tobago,TTO,2015,19323
Trinidad and Tobago,TTO,2016,19498
Trinidad and Tobago,TTO,2017,18226
Trinidad and Tobago,TTO,2018,160
Trinidad and Tobago,TTO,2019,442
Trinidad and Tobago,TTO,2020,59
Trinidad and Tobago,TTO,2021,38
Trinidad and Tobago,TTO,2022,70
Trinidad and Tobago,TTO,2023,144
Tunisia,TUN,2010,265913
Tunisia,TUN,2011,264843
Tunisia,TUN,2012,277152
Tunisia,TUN,2013,200856
Tunisia,TUN,2014,3415
Tunisia,TUN,2015,6648
Tunisia,TUN,2016,6087
Tunisia,TUN,2017,4928
Tunisia,TUN,2018,7490
Tunisia,TUN,2019,7087
Tunisia,TUN,2020,4902
Tunisia,TUN,2021,2746
Tunisia,TUN,2022,3310
Tunisia,TUN,2023,3619
Turkey,TUR,2010,1456801
Turkey,TUR,2011,1450427
Turkey,TUR,2012,1912
Turkey,TUR,2013,5399
Turkey,TUR,2014,4372
Turkey,TUR,2015,2824
Turkey,TUR,2016,2600
Turkey,TUR,2017,0
Turkey,TUR,2018,2392
Turkey,TUR,2019,0
Turkey,TUR,2020,4
Turkey,TUR,2021,0
Turkey,TUR,2022,2
Turkey,TUR,2023,2
Turkmenistan,TKM,2010,0
Turkmenistan,TKM,2011,81
Turkmenistan,TKM,2012,158
Turkmenistan,TKM,2013,60
Turkmenistan,TKM,2014,55
Turkmenistan,TKM,2015,49
Turkmenistan,TKM,2016,53
Turkmenistan,TKM,2017,182
Turkmenistan,TKM,2018,212
Turkmenistan,TKM,2019,105
Turkmenistan,TKM,2020,395
Turkmenistan,TKM,2021,97
Turkmenistan,TKM,2022,0
Turkmenistan,TKM,2023,72
Tuvalu,TUV,2010,9777
Tuvalu,TUV,2011,10534
Tuvalu,TUV,2012,10513
Tuvalu,TUV,2013,10515
Tuvalu,TUV,2014,11772
Tuvalu,TUV,2015,10550
Tuvalu,TUV,2016,10782
Tuvalu,TUV,2017,10782
Tuvalu,TUV,2018,12052
Tuvalu,TUV,2019,11500
Tuvalu,TUV,2020,11500
Tuvalu,TUV,2021,11500
Tuvalu,TUV,2022,11500
Tuvalu,TUV,2023,3120
Uganda,UGA,2010,24395478
Uganda,UGA,2011,24551372
Uganda,UGA,2012,24988968
Uganda,UGA,2013,26134080
Uganda,UGA,2014,25343585
Uganda,UGA,2015,23239105
Uganda,UGA,2016,23486474
Uganda,UGA,2017,22879141
Uganda,UGA,2018,21407858
Uganda,UGA,2019,24639995
Uganda,UGA,2020,21944652
Uganda,UGA,2021,25961432
Uganda,UGA,2022,26788567
Uganda,UGA,2023,21730370
Ukraine,UKR,2010,4
Ukraine,UKR,2011,7
Ukraine,UKR,2012,4
Ukraine,UKR,2013,2
Ukraine,UKR,2014,5
Ukraine,UKR,2015,2
Ukraine,UKR,2016,5
Ukraine,UKR,2017,1
Ukraine,UKR,2018,0
Ukraine,UKR,2019,2
Ukraine,UKR,2020,17
Ukraine,UKR,2021,0
Ukraine,UKR,2022,5
Ukraine,UKR,2023,3
United Arab Emirates,ARE,2010,10
United Arab Emirates,ARE,2011,0
United Arab Emirates,ARE,2012,0
United Arab Emirates,ARE,2013,31
United Arab Emirates,ARE,2014,0
United Arab Emirates,ARE,2015,0
United Arab Emirates,ARE,2016,40
United Arab Emirates,ARE,2017,0
United Arab Emirates,ARE,2018,179
United Arab Emirates,ARE,2019,156
United Arab Emirates,ARE,2020,119
United Arab Emirates,ARE,2021,44
United Arab Emirates,ARE,2022,68
United Arab Emirates,ARE,2023,72
United Kingdom,GBR,2010,12
United Kingdom,GBR,2011,31
United Kingdom,GBR,2012,27
United Kingdom,GBR,2013,585
United Kingdom,GBR,2014,401
United Kingdom,GBR,2015,467
United Kingdom,GBR,2016,472
United Kingdom,GBR,2017,473
United Kingdom,GBR,2018,8
United Kingdom,GBR,2019,5
United Kingdom,GBR,2020,2
United Kingdom,GBR,2021,0
United Kingdom,GBR,2022,9
United Kingdom,GBR,2023,3
United States,USA,2010,236
United States,USA,2011,184
United States,USA,2012,355
United States,USA,2013,731
United States,USA,2014,843
United States,USA,2015,929
United States,USA,2016,1158
United States,USA,2017,548
United States,USA,2018,518
United States,USA,2019,1374
United States,USA,2020,466
United States,USA,2021,119
United States,USA,2022,1292
United States,USA,2023,525
Uruguay,URY,2010,546
Uruguay,URY,2011,542
Uruguay,URY,2012,511
Uruguay,URY,2013,5
Uruguay,URY,2014,4
Uruguay,URY,2015,19
Uruguay,URY,2016,1340
Uruguay,URY,2017,7
Uruguay,URY,2018,11
Uruguay,URY,2019,13
Uruguay,URY,2020,10
Uruguay,URY,2021,53
Uruguay,URY,2022,82
Uruguay,URY,2023,50
Uzbekistan,UZB,2010,394207
Uzbekistan,UZB,2011,394207
Uzbekistan,UZB,2012,394207
Uzbekistan,UZB,2013,394207
Uzbekistan,UZB,2014,394207
Uzbekistan,UZB,2015,399873
Uzbekistan,UZB,2016,405951
Uzbekistan,UZB,2017,405951
Uzbekistan,UZB,2018,405951
Uzbekistan,UZB,2019,405951
Uzbekistan,UZB,2020,405951
Uzbekistan,UZB,2021,343828
Uzbekistan,UZB,2022,343828
Uzbekistan,UZB,2023,343828
Vanuatu,VUT,2010,86888
Vanuatu,VUT,2011,88267
Vanuatu,VUT,2012,87594
Vanuatu,VUT,2013,219937
Vanuatu,VUT,2014,262202
Vanuatu,VUT,2015,266041
Vanuatu,VUT,2016,271465
Vanuatu,VUT,2017,277708
Vanuatu,VUT,2018,284095
Vanuatu,VUT,2019,291481
Vanuatu,VUT,2020,299059
Vanuatu,VUT,2021,305040
Vanuatu,VUT,2022,96073
Vanuatu,VUT,2023,113055
Venezuela,VEN,2010,1064133
Venezuela,VEN,2011,1069085
Venezuela,VEN,2012,1050992
Venezuela,VEN,2013,222133
Venezuela,VEN,2014,216071
Venezuela,VEN,2015,280243
Venezuela,VEN,2016,282294
Venezuela,VEN,2017,4454888
Venezuela,VEN,2018,7493106
Venezuela,VEN,2019,8062142
Venezuela,VEN,2020,8062740
Venezuela,VEN,2021,7995796
Venezuela,VEN,2022,7380372
Venezuela,VEN,2023,7380372
Vietnam,VNM,2010,8608402
Vietnam,VNM,2011,8608402
Vietnam,VNM,2012,8608402
Vietnam,VNM,2013,8608402
Vietnam,VNM,2014,8855946
Vietnam,VNM,2015,4468764
Vietnam,VNM,2016,6953978
Vietnam,VNM,2017,5847912
Vietnam,VNM,2018,6147296
Vietnam,VNM,2019,7368702
Vietnam,VNM,2020,7844098
Vietnam,VNM,2021,8820515
Vietnam,VNM,2022,8689530
Vietnam,VNM,2023,8396566
Western Pacific (WHO),,2016,98124378
Western Pacific (WHO),,2017,97313665
Western Pacific (WHO),,2018,94381725
Western Pacific (WHO),,2019,71521286
Western Pacific (WHO),,2020,72877150
Western Pacific (WHO),,2021,72397406
Western Pacific (WHO),,2022,75758537
Western Pacific (WHO),,2023,74042993
World,OWID_WRL,2010,2190414971
World,OWID_WRL,2011,2174525334
World,OWID_WRL,2012,2126650431
World,OWID_WRL,2013,2039574891
World,OWID_WRL,2014,1927730104
World,OWID_WRL,2015,1800670337
World,OWID_WRL,2016,1764544879
World,OWID_WRL,2017,1755930650
World,OWID_WRL,2018,1754636025
World,OWID_WRL,2019,1742364407
World,OWID_WRL,2020,1734017200
World,OWID_WRL,2021,1652983125
World,OWID_WRL,2022,1617464161
World,OWID_WRL,2023,1494893681
Yemen,YEM,2010,15328780
Yemen,YEM,2011,15671810
Yemen,YEM,2012,16286837
Yemen,YEM,2013,15235653
Yemen,YEM,2014,15454305
Yemen,YEM,2015,5840695
Yemen,YEM,2016,5985649
Yemen,YEM,2017,7342169
Yemen,YEM,2018,12339767
Yemen,YEM,2019,10471813
Yemen,YEM,2020,11632682
Yemen,YEM,2021,7883460
Yemen,YEM,2022,8942946
Yemen,YEM,2023,9070024
Zambia,ZMB,2010,10713944
Zambia,ZMB,2011,10850875
Zambia,ZMB,2012,10978024
Zambia,ZMB,2013,11266749
Zambia,ZMB,2014,11462039
Zambia,ZMB,2015,11830416
Zambia,ZMB,2016,11573334
Zambia,ZMB,2017,12635340
Zambia,ZMB,2018,12032435
Zambia,ZMB,2019,12032435
Zambia,ZMB,2020,12810245
Zambia,ZMB,2021,13185586
Zambia,ZMB,2022,6565157
Zambia,ZMB,2023,8176759
Zimbabwe,ZWE,2010,6437391
Zimbabwe,ZWE,2011,6472357
Zimbabwe,ZWE,2012,6496297
Zimbabwe,ZWE,2013,6958826
Zimbabwe,ZWE,2014,7044667
Zimbabwe,ZWE,2015,10346543
Zimbabwe,ZWE,2016,9958235
Zimbabwe,ZWE,2017,10660813
Zimbabwe,ZWE,2018,10660813
Zimbabwe,ZWE,2019,10660813
Zimbabwe,ZWE,2020,8029929
Zimbabwe,ZWE,2021,8147168
Zimbabwe,ZWE,2022,8352700
Zimbabwe,ZWE,2023,8352700