{
  "chart": {
    "title": "Number of people requiring treatment against neglected tropical diseases",
    "subtitle": "Estimated number of people requiring medical treatment for [neglected tropical diseases (NTDs)](#dod:neglected-tropical-diseases).",
    "citation": "World Health Organization - Global Health Observatory (2025)",
    "originalChartUrl": "https://ourworldindata.org/grapher/interventions-ntds-sdgs?v=1&csvType=full&useColumnShortNames=false",
    "selection": [
      "Haiti",
      "Bangladesh",
      "Sri Lanka",
      "China"
    ]
  },
  "columns": {
    "Reported number of people requiring interventions against NTDs": {
      "titleShort": "Reported number of people requiring interventions against NTDs",
      "titleLong": "Reported number of people requiring interventions against NTDs",
      "descriptionShort": "Number of people requiring treatment and care for any one of the neglected tropical diseases (NTDs) targeted by the WHO NTD Roadmap and World Health Assembly resolutions and reported to WHO.",
      "unit": "Number of people",
      "timespan": "2010-2023",
      "type": "Integer",
      "owidVariableId": 1062244,
      "shortName": "reported_number_of_people_requiring_interventions_against_ntds",
      "lastUpdated": "2025-05-19",
      "nextUpdate": "2026-05-19",
      "citationShort": "World Health Organization - Global Health Observatory (2025) – processed by Our World in Data",
      "citationLong": "World Health Organization - Global Health Observatory (2025) – processed by Our World in Data. “Reported number of people requiring interventions against NTDs” [dataset]. World Health Organization, “Global Health Observatory” [original data].",
      "fullMetadata": "https://api.ourworldindata.org/v1/indicators/1062244.metadata.json"
    }
  },
  "dateDownloaded": "2026-02-12",
  "activeFilters": {}
}