{
  "chart": {
    "title": "Gini coefficient (after tax)",
    "subtitle": "The Gini coefficient measures inequality on a scale from 0 to 1. Higher values indicate higher inequality. Inequality is measured here in terms of income after taxes and benefits.",
    "citation": "World Inequality Database (WID.world) (2025)",
    "originalChartUrl": "https://ourworldindata.org/explorers/inequality-wid?Indicator=Gini+coefficient&Income+measure=After+tax&country=CHL~BRA~ZAF~USA~FRA~CHN",
    "selection": [
      "Chile",
      "Brazil",
      "South Africa",
      "United States",
      "France",
      "China"
    ]
  },
  "columns": {
    "country": {
      "titleShort": "Country",
      "titleLong": "Country",
      "type": "EntityName",
      "citationShort": " – processed by Our World in Data",
      "citationLong": " – processed by Our World in Data. “Country” [dataset]. World Inequality Database (WID.world) (2025) [original data].",
      "fullMetadata": "https://api.ourworldindata.org/v1/indicators/undefined.metadata.json"
    },
    "p0p100_gini_posttax_nat": {
      "titleShort": "Gini coefficient (after tax)",
      "titleLong": "Gini coefficient (after tax)",
      "type": "Numeric",
      "citationShort": " – processed by Our World in Data",
      "citationLong": " – processed by Our World in Data. “Gini coefficient (after tax)” [dataset]. World Inequality Database (WID.world) (2025) [original data].",
      "fullMetadata": "https://api.ourworldindata.org/v1/indicators/undefined.metadata.json"
    }
  },
  "dateDownloaded": "2026-02-12",
  "activeFilters": {}
}