{
  "chart": {
    "title": "Annual research & development funding for infectious diseases",
    "subtitle": "Global annual funding reported for research and development to address [neglected tropical diseases](#dod:neglected-tropical-diseases) (in blue). These are compared to [HIV/AIDS](#dod:hiv_aids), [tuberculosis](#dod:tuberculosis), [malaria](#dod:malaria), and COVID-19 (in orange). This data is expressed in US dollars, adjusted for inflation.",
    "note": "This data is expressed in constant 2022 US$. Despite high coverage, some R&D funding data may be missing, as not all funders respond to the survey.",
    "citation": "Impact Global Health (2024)",
    "originalChartUrl": "https://ourworldindata.org/grapher/annual-research-development-funding-for-neglected-tropical-diseases?v=1&csvType=full&useColumnShortNames=false",
    "selection": [
      "World"
    ]
  },
  "columns": {
    "Funding for buruli ulcer - all technologies": {
      "titleShort": "Buruli ulcer",
      "titleLong": "Buruli ulcer",
      "descriptionShort": "The amount of funding for buruli ulcer. This data is expressed in US dollars, adjusted for inflation.",
      "shortUnit": "$",
      "unit": "constant 2022 US$",
      "timespan": "2007-2023",
      "type": "Numeric",
      "owidVariableId": 1103772,
      "shortName": "amount__usd__disease_buruli_ulcer",
      "lastUpdated": "2025-08-20",
      "nextUpdate": "2026-08-20",
      "citationShort": "Impact Global Health (2024) – with major processing by Our World in Data",
      "citationLong": "Impact Global Health (2024) – with major processing by Our World in Data. “Buruli ulcer” [dataset]. Impact Global Health, “G-FINDER” [original data].",
      "fullMetadata": "https://api.ourworldindata.org/v1/indicators/1103772.metadata.json"
    },
    "Funding for kinetoplastid diseases - chagas' disease - all technologies": {
      "titleShort": "Chagas disease",
      "titleLong": "Chagas disease",
      "descriptionShort": "The amount of funding for kinetoplastid diseases - chagas' disease. This data is expressed in US dollars, adjusted for inflation.",
      "shortUnit": "$",
      "unit": "constant 2022 US$",
      "timespan": "2007-2023",
      "type": "Numeric",
      "owidVariableId": 1103815,
      "shortName": "amount__usd__disease_kinetoplastid_diseases__chagas_disease",
      "lastUpdated": "2025-08-20",
      "nextUpdate": "2026-08-20",
      "citationShort": "Impact Global Health (2024) – with major processing by Our World in Data",
      "citationLong": "Impact Global Health (2024) – with major processing by Our World in Data. “Chagas disease” [dataset]. Impact Global Health, “G-FINDER” [original data].",
      "fullMetadata": "https://api.ourworldindata.org/v1/indicators/1103815.metadata.json"
    },
    "Funding for dengue - all technologies": {
      "titleShort": "Dengue",
      "titleLong": "Dengue",
      "descriptionShort": "The amount of funding for dengue. This data is expressed in US dollars, adjusted for inflation.",
      "shortUnit": "$",
      "unit": "constant 2022 US$",
      "timespan": "2007-2023",
      "type": "Numeric",
      "owidVariableId": 1103784,
      "shortName": "amount__usd__disease_dengue",
      "lastUpdated": "2025-08-20",
      "nextUpdate": "2026-08-20",
      "citationShort": "Impact Global Health (2024) – with major processing by Our World in Data",
      "citationLong": "Impact Global Health (2024) – with major processing by Our World in Data. “Dengue” [dataset]. Impact Global Health, “G-FINDER” [original data].",
      "fullMetadata": "https://api.ourworldindata.org/v1/indicators/1103784.metadata.json"
    },
    "Funding for chikungunya - all technologies": {
      "titleShort": "Chikungunya",
      "titleLong": "Chikungunya",
      "descriptionShort": "The amount of funding for chikungunya. This data is expressed in US dollars, adjusted for inflation.",
      "shortUnit": "$",
      "unit": "constant 2022 US$",
      "timespan": "2018-2023",
      "type": "Numeric",
      "owidVariableId": 1103771,
      "shortName": "amount__usd__disease_chikungunya",
      "lastUpdated": "2025-08-20",
      "nextUpdate": "2026-08-20",
      "citationShort": "Impact Global Health (2024) – with major processing by Our World in Data",
      "citationLong": "Impact Global Health (2024) – with major processing by Our World in Data. “Chikungunya” [dataset]. Impact Global Health, “G-FINDER” [original data].",
      "fullMetadata": "https://api.ourworldindata.org/v1/indicators/1103771.metadata.json"
    },
    "Funding for helminth infections (worms & flukes) - hookworm (ancylostomiasis & necatoriasis) - all technologies": {
      "titleShort": "Hookworm",
      "titleLong": "Hookworm",
      "descriptionShort": "The amount of funding for helminth infections (worms & flukes) - hookworm (ancylostomiasis & necatoriasis). This data is expressed in US dollars, adjusted for inflation.",
      "shortUnit": "$",
      "unit": "constant 2022 US$",
      "timespan": "2007-2023",
      "type": "Numeric",
      "owidVariableId": 1103799,
      "shortName": "amount__usd__disease_helminth_infections__worms__and__flukes__hookworm__ancylostomiasis__and__necatoriasis",
      "lastUpdated": "2025-08-20",
      "nextUpdate": "2026-08-20",
      "citationShort": "Impact Global Health (2024) – with major processing by Our World in Data",
      "citationLong": "Impact Global Health (2024) – with major processing by Our World in Data. “Hookworm” [dataset]. Impact Global Health, “G-FINDER” [original data].",
      "fullMetadata": "https://api.ourworldindata.org/v1/indicators/1103799.metadata.json"
    },
    "Funding for helminth infections (worms & flukes) - roundworm (ascariasis) - all technologies": {
      "titleShort": "Roundworm",
      "titleLong": "Roundworm",
      "descriptionShort": "The amount of funding for helminth infections (worms & flukes) - roundworm (ascariasis). This data is expressed in US dollars, adjusted for inflation.",
      "shortUnit": "$",
      "unit": "constant 2022 US$",
      "timespan": "2007-2023",
      "type": "Numeric",
      "owidVariableId": 1103803,
      "shortName": "amount__usd__disease_helminth_infections__worms__and__flukes__roundworm__ascariasis",
      "lastUpdated": "2025-08-20",
      "nextUpdate": "2026-08-20",
      "citationShort": "Impact Global Health (2024) – with major processing by Our World in Data",
      "citationLong": "Impact Global Health (2024) – with major processing by Our World in Data. “Roundworm” [dataset]. Impact Global Health, “G-FINDER” [original data].",
      "fullMetadata": "https://api.ourworldindata.org/v1/indicators/1103803.metadata.json"
    },
    "Funding for helminth infections (worms & flukes) - whipworm (trichuriasis) - all technologies": {
      "titleShort": "Whipworm",
      "titleLong": "Whipworm",
      "descriptionShort": "The amount of funding for helminth infections (worms & flukes) - whipworm (trichuriasis). This data is expressed in US dollars, adjusted for inflation.",
      "shortUnit": "$",
      "unit": "constant 2022 US$",
      "timespan": "2007-2023",
      "type": "Numeric",
      "owidVariableId": 1103807,
      "shortName": "amount__usd__disease_helminth_infections__worms__and__flukes__whipworm__trichuriasis",
      "lastUpdated": "2025-08-20",
      "nextUpdate": "2026-08-20",
      "citationShort": "Impact Global Health (2024) – with major processing by Our World in Data",
      "citationLong": "Impact Global Health (2024) – with major processing by Our World in Data. “Whipworm” [dataset]. Impact Global Health, “G-FINDER” [original data].",
      "fullMetadata": "https://api.ourworldindata.org/v1/indicators/1103807.metadata.json"
    },
    "Funding for helminth infections (worms & flukes) - tapeworm (taeniasis / cysticercosis) - all technologies": {
      "titleShort": "Tapeworm",
      "titleLong": "Tapeworm",
      "descriptionShort": "The amount of funding for helminth infections (worms & flukes) - tapeworm (taeniasis / cysticercosis). This data is expressed in US dollars, adjusted for inflation.",
      "shortUnit": "$",
      "unit": "constant 2022 US$",
      "timespan": "2007-2023",
      "type": "Numeric",
      "owidVariableId": 1103806,
      "shortName": "amount__usd__disease_helminth_infections__worms__and__flukes__tapeworm__taeniasis__cysticercosis",
      "lastUpdated": "2025-08-20",
      "nextUpdate": "2026-08-20",
      "citationShort": "Impact Global Health (2024) – with major processing by Our World in Data",
      "citationLong": "Impact Global Health (2024) – with major processing by Our World in Data. “Tapeworm” [dataset]. Impact Global Health, “G-FINDER” [original data].",
      "fullMetadata": "https://api.ourworldindata.org/v1/indicators/1103806.metadata.json"
    },
    "Funding for helminth infections (worms & flukes) - schistosomiasis (bilharziasis) - all technologies": {
      "titleShort": "Schistosomiasis",
      "titleLong": "Schistosomiasis",
      "descriptionShort": "The amount of funding for helminth infections (worms & flukes) - schistosomiasis (bilharziasis). This data is expressed in US dollars, adjusted for inflation.",
      "shortUnit": "$",
      "unit": "constant 2022 US$",
      "timespan": "2007-2023",
      "type": "Numeric",
      "owidVariableId": 1103804,
      "shortName": "amount__usd__disease_helminth_infections__worms__and__flukes__schistosomiasis__bilharziasis",
      "lastUpdated": "2025-08-20",
      "nextUpdate": "2026-08-20",
      "citationShort": "Impact Global Health (2024) – with major processing by Our World in Data",
      "citationLong": "Impact Global Health (2024) – with major processing by Our World in Data. “Schistosomiasis” [dataset]. Impact Global Health, “G-FINDER” [original data].",
      "fullMetadata": "https://api.ourworldindata.org/v1/indicators/1103804.metadata.json"
    },
    "Funding for helminth infections (worms & flukes) - onchocerciasis (river blindness) - all technologies": {
      "titleShort": "River blindness",
      "titleLong": "River blindness",
      "descriptionShort": "The amount of funding for helminth infections (worms & flukes) - onchocerciasis (river blindness). This data is expressed in US dollars, adjusted for inflation.",
      "shortUnit": "$",
      "unit": "constant 2022 US$",
      "timespan": "2007-2023",
      "type": "Numeric",
      "owidVariableId": 1103802,
      "shortName": "amount__usd__disease_helminth_infections__worms__and__flukes__onchocerciasis__river_blindness",
      "lastUpdated": "2025-08-20",
      "nextUpdate": "2026-08-20",
      "citationShort": "Impact Global Health (2024) – with major processing by Our World in Data",
      "citationLong": "Impact Global Health (2024) – with major processing by Our World in Data. “River blindness” [dataset]. Impact Global Health, “G-FINDER” [original data].",
      "fullMetadata": "https://api.ourworldindata.org/v1/indicators/1103802.metadata.json"
    },
    "Funding for helminth infections (worms & flukes) - lymphatic filariasis (elephantiasis) - all technologies": {
      "titleShort": "Lymphatic filariasis",
      "titleLong": "Lymphatic filariasis",
      "descriptionShort": "The amount of funding for helminth infections (worms & flukes) - lymphatic filariasis (elephantiasis). This data is expressed in US dollars, adjusted for inflation.",
      "shortUnit": "$",
      "unit": "constant 2022 US$",
      "timespan": "2007-2023",
      "type": "Numeric",
      "owidVariableId": 1103800,
      "shortName": "amount__usd__disease_helminth_infections__worms__and__flukes__lymphatic_filariasis__elephantiasis",
      "lastUpdated": "2025-08-20",
      "nextUpdate": "2026-08-20",
      "citationShort": "Impact Global Health (2024) – with major processing by Our World in Data",
      "citationLong": "Impact Global Health (2024) – with major processing by Our World in Data. “Lymphatic filariasis” [dataset]. Impact Global Health, “G-FINDER” [original data].",
      "fullMetadata": "https://api.ourworldindata.org/v1/indicators/1103800.metadata.json"
    },
    "Funding for kinetoplastid diseases - leishmaniasis - all technologies": {
      "titleShort": "Leishmaniasis",
      "titleLong": "Leishmaniasis",
      "descriptionShort": "The amount of funding for kinetoplastid diseases - leishmaniasis. This data is expressed in US dollars, adjusted for inflation.",
      "shortUnit": "$",
      "unit": "constant 2022 US$",
      "timespan": "2007-2023",
      "type": "Numeric",
      "owidVariableId": 1103816,
      "shortName": "amount__usd__disease_kinetoplastid_diseases__leishmaniasis",
      "lastUpdated": "2025-08-20",
      "nextUpdate": "2026-08-20",
      "citationShort": "Impact Global Health (2024) – with major processing by Our World in Data",
      "citationLong": "Impact Global Health (2024) – with major processing by Our World in Data. “Leishmaniasis” [dataset]. Impact Global Health, “G-FINDER” [original data].",
      "fullMetadata": "https://api.ourworldindata.org/v1/indicators/1103816.metadata.json"
    },
    "Funding for leprosy - all technologies": {
      "titleShort": "Leprosy",
      "titleLong": "Leprosy",
      "descriptionShort": "The amount of funding for leprosy. This data is expressed in US dollars, adjusted for inflation.",
      "shortUnit": "$",
      "unit": "constant 2022 US$",
      "timespan": "2007-2023",
      "type": "Numeric",
      "owidVariableId": 1103819,
      "shortName": "amount__usd__disease_leprosy",
      "lastUpdated": "2025-08-20",
      "nextUpdate": "2026-08-20",
      "citationShort": "Impact Global Health (2024) – with major processing by Our World in Data",
      "citationLong": "Impact Global Health (2024) – with major processing by Our World in Data. “Leprosy” [dataset]. Impact Global Health, “G-FINDER” [original data].",
      "fullMetadata": "https://api.ourworldindata.org/v1/indicators/1103819.metadata.json"
    },
    "Funding for mycetoma - all technologies": {
      "titleShort": "Mycetoma",
      "titleLong": "Mycetoma",
      "descriptionShort": "The amount of funding for mycetoma. This data is expressed in US dollars, adjusted for inflation.",
      "shortUnit": "$",
      "unit": "constant 2022 US$",
      "timespan": "2018-2023",
      "type": "Numeric",
      "owidVariableId": 1103829,
      "shortName": "amount__usd__disease_mycetoma",
      "lastUpdated": "2025-08-20",
      "nextUpdate": "2026-08-20",
      "citationShort": "Impact Global Health (2024) – with major processing by Our World in Data",
      "citationLong": "Impact Global Health (2024) – with major processing by Our World in Data. “Mycetoma” [dataset]. Impact Global Health, “G-FINDER” [original data].",
      "fullMetadata": "https://api.ourworldindata.org/v1/indicators/1103829.metadata.json"
    },
    "Funding for scabies - all technologies": {
      "titleShort": "Scabies",
      "titleLong": "Scabies",
      "descriptionShort": "The amount of funding for scabies. This data is expressed in US dollars, adjusted for inflation.",
      "shortUnit": "$",
      "unit": "constant 2022 US$",
      "timespan": "2020-2023",
      "type": "Numeric",
      "owidVariableId": 1103862,
      "shortName": "amount__usd__disease_scabies",
      "lastUpdated": "2025-08-20",
      "nextUpdate": "2026-08-20",
      "citationShort": "Impact Global Health (2024) – with major processing by Our World in Data",
      "citationLong": "Impact Global Health (2024) – with major processing by Our World in Data. “Scabies” [dataset]. Impact Global Health, “G-FINDER” [original data].",
      "fullMetadata": "https://api.ourworldindata.org/v1/indicators/1103862.metadata.json"
    },
    "Funding for snakebite envenoming - all technologies": {
      "titleShort": "Snakebite envenoming",
      "titleLong": "Snakebite envenoming",
      "descriptionShort": "The amount of funding for snakebite envenoming. This data is expressed in US dollars, adjusted for inflation.",
      "shortUnit": "$",
      "unit": "constant 2022 US$",
      "timespan": "2018-2023",
      "type": "Numeric",
      "owidVariableId": 1103870,
      "shortName": "amount__usd__disease_snakebite_envenoming",
      "lastUpdated": "2025-08-20",
      "nextUpdate": "2026-08-20",
      "citationShort": "Impact Global Health (2024) – with major processing by Our World in Data",
      "citationLong": "Impact Global Health (2024) – with major processing by Our World in Data. “Snakebite envenoming” [dataset]. Impact Global Health, “G-FINDER” [original data].",
      "fullMetadata": "https://api.ourworldindata.org/v1/indicators/1103870.metadata.json"
    },
    "Funding for trachoma - all technologies": {
      "titleShort": "Trachoma",
      "titleLong": "Trachoma",
      "descriptionShort": "The amount of funding for trachoma. This data is expressed in US dollars, adjusted for inflation.",
      "shortUnit": "$",
      "unit": "constant 2022 US$",
      "timespan": "2007-2022",
      "type": "Numeric",
      "owidVariableId": 1103871,
      "shortName": "amount__usd__disease_trachoma",
      "lastUpdated": "2025-08-20",
      "nextUpdate": "2026-08-20",
      "citationShort": "Impact Global Health (2024) – with major processing by Our World in Data",
      "citationLong": "Impact Global Health (2024) – with major processing by Our World in Data. “Trachoma” [dataset]. Impact Global Health, “G-FINDER” [original data].",
      "fullMetadata": "https://api.ourworldindata.org/v1/indicators/1103871.metadata.json"
    },
    "Funding for malaria - all types - all technologies": {
      "titleShort": "Malaria",
      "titleLong": "Malaria",
      "descriptionShort": "The amount of funding for malaria - all types. This data is expressed in US dollars, adjusted for inflation.",
      "shortUnit": "$",
      "unit": "constant 2022 US$",
      "timespan": "2007-2023",
      "type": "Numeric",
      "owidVariableId": 1103824,
      "shortName": "amount__usd__disease_malaria__all_types",
      "lastUpdated": "2025-08-20",
      "nextUpdate": "2026-08-20",
      "citationShort": "Impact Global Health (2024) – with major processing by Our World in Data",
      "citationLong": "Impact Global Health (2024) – with major processing by Our World in Data. “Malaria” [dataset]. Impact Global Health, “G-FINDER” [original data].",
      "fullMetadata": "https://api.ourworldindata.org/v1/indicators/1103824.metadata.json"
    },
    "Funding for tuberculosis - all technologies": {
      "titleShort": "Tuberculosis",
      "titleLong": "Tuberculosis",
      "descriptionShort": "The amount of funding for tuberculosis. This data is expressed in US dollars, adjusted for inflation.",
      "shortUnit": "$",
      "unit": "constant 2022 US$",
      "timespan": "2007-2023",
      "type": "Numeric",
      "owidVariableId": 1103872,
      "shortName": "amount__usd__disease_tuberculosis",
      "lastUpdated": "2025-08-20",
      "nextUpdate": "2026-08-20",
      "citationShort": "Impact Global Health (2024) – with major processing by Our World in Data",
      "citationLong": "Impact Global Health (2024) – with major processing by Our World in Data. “Tuberculosis” [dataset]. Impact Global Health, “G-FINDER” [original data].",
      "fullMetadata": "https://api.ourworldindata.org/v1/indicators/1103872.metadata.json"
    },
    "Funding for hiv/aids - all technologies": {
      "titleShort": "HIV/AIDS",
      "titleLong": "HIV/AIDS",
      "descriptionShort": "The amount of funding for hiv/aids. This data is expressed in US dollars, adjusted for inflation.",
      "shortUnit": "$",
      "unit": "constant 2022 US$",
      "timespan": "2007-2023",
      "type": "Numeric",
      "owidVariableId": 1103798,
      "shortName": "amount__usd__disease_hiv_aids",
      "lastUpdated": "2025-08-20",
      "nextUpdate": "2026-08-20",
      "citationShort": "Impact Global Health (2024) – with major processing by Our World in Data",
      "citationLong": "Impact Global Health (2024) – with major processing by Our World in Data. “HIV/AIDS” [dataset]. Impact Global Health, “G-FINDER” [original data].",
      "fullMetadata": "https://api.ourworldindata.org/v1/indicators/1103798.metadata.json"
    },
    "Funding for coronaviral diseases (including mers, sars, covid-19) - coronavirus disease 2019 (covid-19) - all technologies": {
      "titleShort": "COVID-19",
      "titleLong": "COVID-19",
      "descriptionShort": "The amount of funding for coronaviral diseases (including mers, sars, covid-19) - coronavirus disease 2019 (covid-19). This data is expressed in US dollars, adjusted for inflation.",
      "shortUnit": "$",
      "unit": "constant 2022 US$",
      "timespan": "2020-2023",
      "type": "Numeric",
      "owidVariableId": 1103778,
      "shortName": "amount__usd__disease_coronaviral_diseases__including_mers__sars__covid_19__coronavirus_disease_2019__covid_19",
      "lastUpdated": "2025-08-20",
      "nextUpdate": "2026-08-20",
      "citationShort": "Impact Global Health (2024) – with major processing by Our World in Data",
      "citationLong": "Impact Global Health (2024) – with major processing by Our World in Data. “COVID-19” [dataset]. Impact Global Health, “G-FINDER” [original data].",
      "fullMetadata": "https://api.ourworldindata.org/v1/indicators/1103778.metadata.json"
    }
  },
  "dateDownloaded": "2026-02-12",
  "activeFilters": {}
}